stat,mkt,p_glm,p_fan
passing_yards,0.48,0.345,0.5095881399164331
passing_yards,0.375,0.19,0.35713726814837315
passing_yards,0.485,0.388,0.4862668342301919
passing_tds,0.43,0.3637499429466856,0.4681468144590178
completions,0.525,0.510469696240595,0.5330378182241906
attempts,0.515,0.5360661659129211,0.5832569451172147
passing_yards,0.44999999999999996,0.477,0.5315662922386645
passing_tds,0.46499999999999997,0.37093377395689514,0.4308440303962102
passing_yards,0.495,0.423,0.4297462388194568
passing_tds,0.525,0.49016995519907963,0.5673481862735463
passing_yards,0.56,0.517,0.4964055958143081
passing_tds,0.51,0.43711141119970276,0.34904123349500954
completions,0.485,0.5727471442628732,0.6347062612126759
attempts,0.525,0.569627693950625,0.6996972104962647
passing_yards,0.46,0.686,0.5488222782658775
passing_tds,0.61,0.6946071262767033,0.6269238996466721
completions,0.51,0.6336004817532571,0.6623558510306666
attempts,0.46499999999999997,0.5620293024475735,0.5128884777940274
passing_yards,0.52,0.612,0.462918670842203
passing_tds,0.33999999999999997,0.36264680274663086,0.3270102689163157
completions,0.475,0.5323910238411325,0.45850397117944036
attempts,0.475,0.583713195235628,0.4434786247821914
rushing_yards,0.425,0.5384817729438793,0.2603039684798867
passing_yards,0.535,0.425,0.5199564413206125
passing_tds,0.54,0.49974639908910107,0.5482597978619563
completions,0.475,0.4321331296873886,0.2823307252103501
attempts,0.45499999999999996,0.4407292709300725,0.38369073001815956
rushing_yards,0.375,0.5006820818092801,0.46109206554106963
passing_yards,0.545,0.58,0.5033702015520667
passing_tds,0.54,0.5017940249870313,0.5417121916191682
completions,0.485,0.5875363470135397,0.6443990489425886
attempts,0.525,0.6267340104340134,0.7973880228955119
rushing_yards,0.515,0.3401598110589039,0.3277354685910206
passing_yards,0.5700000000000001,0.754,0.5022283099051601
passing_tds,0.405,0.44795162360923263,0.2667330537102079
completions,0.47,0.6255373236221946,0.138939636308551
attempts,0.495,0.6644971380278581,0.09418638939376581
rushing_yards,0.45999999999999996,0.6196546816662953,0.33036972300428646
passing_yards,0.55,0.351,0.4810568690300243
passing_tds,0.47,0.36106307220074874,0.3269486551270946
completions,0.475,0.333249655385093,0.2434450598253606
attempts,0.505,0.4001160943849245,0.3406132349788079
rushing_yards,0.515,0.016829276791422307,0.11706207977042192
carries,0.55,0.044785095224016094,0.07320764952379366
passing_yards,0.555,0.592,0.579476276040554
passing_tds,0.33,0.4815345390678297,0.4150270074935917
completions,0.52,0.5773857662525348,0.7130595572510192
attempts,0.52,0.5177970914238127,0.617012669523175
rushing_yards,0.52,0.2819152425703721,0.4607033954253068
passing_yards,0.5549999999999999,0.609,0.4803643424690797
passing_tds,0.62,0.724562154553126,0.7336424588145631
completions,0.485,0.524703777039755,0.5211518569008924
attempts,0.485,0.415615601151736,0.3296271913173749
rushing_yards,0.56,0.6313989019705801,0.4497667798417908
passing_yards,0.54,0.57,0.5516817268384695
passing_tds,0.395,0.42789170461386117,0.47775114963281595
completions,0.505,0.6375144692123159,0.6329287720283265
attempts,0.51,0.6488853482152763,0.7323488665445708
rushing_yards,0.495,0.12540068959459902,0.3317501464300587
passing_yards,0.515,0.353,0.5332763034984455
passing_tds,0.445,0.3235545457367442,0.4838001654438076
completions,0.49,0.37574075469524965,0.44069263087077365
attempts,0.515,0.4819627799587154,0.5803521593417673
rushing_yards,0.545,0.6633879933014403,0.5245456531302605
passing_yards,0.555,0.553,0.5051886690035579
passing_tds,0.6799999999999999,0.6779932007346339,0.629438921987871
completions,0.46499999999999997,0.41128668714086436,0.5298908364715578
attempts,0.47,0.4117919810855392,0.46667113114110603
passing_yards,0.485,0.4,0.5252822443779048
passing_tds,0.445,0.35877700878864643,0.41238914859125403
completions,0.505,0.4387037443772568,0.5806251807859975
attempts,0.5,0.402977942653507,0.6059308811908461
passing_yards,0.45999999999999996,0.482,0.5347387693439131
passing_tds,0.435,0.4681218125957914,0.674112396947669
completions,0.495,0.5050196312436941,0.5544450982639462
attempts,0.485,0.46931164781859946,0.40802093288742297
passing_yards,0.49,0.663,0.48999289642607424
passing_tds,0.52,0.4091329828326644,0.3233710928891501
passing_yards,0.44999999999999996,0.724,0.4750242695882473
passing_tds,0.675,0.7577334386971429,0.7979521000532941
passing_yards,0.5549999999999999,0.33,0.5411649319360734
passing_tds,0.605,0.3937221600267163,0.5462388206440604
completions,0.525,0.45357391371722666,0.5953478236884522
attempts,0.47,0.4673558090766125,0.6832454148316274
passing_yards,0.49,0.646,0.4952807374739558
passing_tds,0.5700000000000001,0.6658587355226276,0.5718671499115092
completions,0.5,0.5547393976330145,0.1701230670435899
attempts,0.45999999999999996,0.5089447257138227,0.039442908899644254
passing_yards,0.42,0.465,0.49081385162299634
passing_tds,0.32,0.4052826895042744,0.48660403939160585
completions,0.505,0.4595960050032712,0.6316230115913155
attempts,0.46499999999999997,0.38958774781754285,0.5203325227533749
passing_yards,0.54,0.042,0.5166058630197571
passing_tds,0.37,0.10840776030447369,0.49427601055674064
completions,0.485,0.01507419851118747,0.6447623381551952
attempts,0.49,0.012542200095995602,0.5683183267644563
passing_yards,0.5800000000000001,0.401,0.5395625397020003
passing_tds,0.62,0.47596483116943694,0.40651409239659564
completions,0.495,0.362535249273874,0.3517874197343895
attempts,0.47,0.3975640651019437,0.37884348784586025
passing_yards,0.45499999999999996,0.197,0.478187154732571
passing_tds,0.4,0.3239688858701844,0.3688930801870928
completions,0.51,0.3247418516385225,0.3236895103588975
attempts,0.515,0.3481280075553755,0.4492318859904027
rushing_yards,0.45999999999999996,0.05818653423522608,0.271611311381582
passing_yards,0.45999999999999996,0.512,0.5377429314447135
passing_tds,0.505,0.4261847953792137,0.37549088636960526
completions,0.51,0.5494255640228823,0.5743368498468088
attempts,0.5,0.5654271976682317,0.7138217013657107
rushing_yards,0.52,0.6590601070967228,0.55763764248744
passing_yards,0.405,0.207,0.4245786615495244
passing_tds,0.33499999999999996,0.25844343858643887,0.40876267466167193
completions,0.46499999999999997,0.2537149455792664,0.27125830235329207
attempts,0.47,0.30151935493374094,0.2967284075362051
rushing_yards,0.46499999999999997,0.4295329752476713,0.42499447539359025
passing_yards,0.46499999999999997,0.425,0.5730781783346836
passing_tds,0.645,0.46798292967689087,0.5398225131126998
passing_yards,0.585,0.522,0.5271327233720362
passing_tds,0.33499999999999996,0.3626396188740966,0.3968701255539562
rushing_yards,0.51,0.295960356566286,0.3944422440510922
rushing_yards,0.37,0.49414529831891574,0.5536827782999894
receiving_yards,0.445,0.10976250128672378,0.1749456467006049
receptions,0.675,0.3100722965670442,0.27722051117394836
rushing_yards,0.605,0.0,0.1485749946669629
rushing_yards,0.515,0.4173011930400389,0.5558009364259108
carries,0.495,0.27760595183633513,0.33967174301042297
receiving_yards,0.515,0.6008734426922306,0.423410424772379
receptions,0.5700000000000001,0.6385544642783552,0.4550101453537161
rushing_yards,0.545,0.09002754630006371,0.5331221841859692
receptions,0.575,0.44715837808997877,0.6906084247617129
rushing_yards,0.5449999999999999,0.6012720805614479,0.5687319991733216
receiving_yards,0.5700000000000001,0.7109805943217444,0.5585879535295151
receptions,0.505,0.40873944311568233,0.5133558703480875
rushing_yards,0.49,0.7440432581139824,0.5933306478494709
receptions,0.46499999999999997,0.4956649398888412,0.4700815320395468
rushing_yards,0.545,0.3859468351749802,0.49639769723844174
carries,0.54,0.44595869470957455,0.514901032944289
rushing_yards,0.565,0.36008915905877714,0.5316920427765396
carries,0.44,0.14408781990645958,0.43573545727171004
rushing_yards,0.54,0.46248658384594743,0.47215145624247556
carries,0.435,0.3517182559886875,0.3540292137786207
receiving_yards,0.52,0.3995318451457544,0.39213036513919236
receptions,0.52,0.2738441636483973,0.35480408314188433
rushing_yards,0.515,0.3462420901451808,0.6354258564992992
receptions,0.425,0.40236319320633956,0.32216800554142744
rushing_yards,0.49,0.1399272837718345,0.535471810459924
carries,0.445,0.04689112564902227,0.26144777938292973
receiving_yards,0.325,0.4389636386008322,0.5480389556826402
receptions,0.375,0.3492263700467461,0.5310705351429629
rushing_yards,0.495,0.34454524501854245,0.45162279433674724
rushing_yards,0.435,0.3522840855019823,0.4709142704967247
rushing_yards,0.515,0.43968693231500444,0.523461553190622
rushing_yards,0.505,0.3353798604589764,0.4294491032895448
carries,0.5700000000000001,0.39453638743986524,0.5006066395473558
receiving_yards,0.515,0.3872848067005126,0.3672521479194155
receptions,0.51,0.27180955089279407,0.38105651391761247
rushing_yards,0.51,0.5573273796242068,0.5936686842806962
carries,0.535,0.6085153143221154,0.43325690855549936
rushing_yards,0.475,0.5584716144682434,0.5792652343653444
carries,0.485,0.5411963801046281,0.6834538984857583
receiving_yards,0.33999999999999997,0.6914298206919769,0.574088792458006
receptions,0.6,0.7821339506878648,0.8079882181453835
rushing_yards,0.54,0.8976802829697339,0.6874639389174232
receiving_yards,0.345,0.42581716423407445,0.3849497245171367
receptions,0.425,0.28238631391292107,0.4309820930974058
rushing_yards,0.56,0.0,0.6614633992161291
rushing_yards,0.49,0.6480090776899634,0.6534912261586998
carries,0.495,0.6012791843338166,0.7701039749693797
receptions,0.46499999999999997,0.48690293057134043,0.5366624246079073
rushing_yards,0.485,0.4179062202281243,0.5003330601907153
receiving_yards,0.35,0.4602746445803546,0.3137099461211241
receptions,0.605,0.6038203667934425,0.5403586124008758
rushing_yards,0.525,0.8013075842392371,0.6013397975251965
receiving_yards,0.475,0.4947158998807005,0.4104200441365152
receptions,0.515,0.38381827063607804,0.5566693611838448
rushing_yards,0.48,0.5307179975399872,0.5799412129037544
receiving_yards,0.61,0.430472372673091,0.40274645086518
receptions,0.605,0.33169425595019836,0.48399941547002273
rushing_yards,0.52,0.3086012557652654,0.306818883754089
receiving_yards,0.385,0.3659298234845319,0.2685640264610918
receptions,0.45999999999999996,0.25818457012155993,0.2682006547254357
rushing_yards,0.44,0.04585324475517771,0.40070909257050813
rushing_yards,0.485,0.4947681824191299,0.6074859386895705
receiving_yards,0.52,0.5825329489475647,0.568891908425786
receptions,0.55,0.4906710768416905,0.5694099963682511
rushing_yards,0.49,0.40682569835897386,0.4869939230868521
carries,0.45499999999999996,0.49992028342456285,0.4591032957851398
rushing_yards,0.49,0.13762263077283754,0.5030158040029943
carries,0.55,0.15537470767382708,0.609491608856001
receptions,0.45499999999999996,0.3726807710277621,0.5573767509588472
rushing_yards,0.5,0.8168026595798613,0.6072240511930579
rushing_yards,0.525,0.2138681887273418,0.4310020926023275
carries,0.475,0.09997269289063676,0.10718808062398849
receiving_yards,0.32999999999999996,0.365716539833568,0.35173853254022336
receptions,0.5900000000000001,0.5291331855209233,0.717066280022304
rushing_yards,0.52,0.5903459771285287,0.49463297382476873
carries,0.515,0.7258385163425204,0.5346200642735255
receiving_yards,0.51,0.29188725741212124,0.32917804094747466
receptions,0.585,0.29987188226977357,0.4283367838545436
rushing_yards,0.485,0.7166814424884176,0.5982352537071361
carries,0.44999999999999996,0.5913932694839108,0.6292031647277616
rushing_yards,0.45499999999999996,0.41155760734193125,0.583474410324184
carries,0.47,0.3852675937194602,0.49956378917600003
receiving_yards,0.55,0.300101201961795,0.399183187579654
receptions,0.575,0.28774361899853484,0.37579846926814847
rushing_yards,0.655,0.7563656224996976,0.6254156682078271
carries,0.475,0.7828434345161821,0.31478385541201964
rushing_yards,0.56,0.6615132658061446,0.6246732526906298
carries,0.505,0.44789190748833324,0.820365143358448
receiving_yards,0.51,0.509048862058987,0.35781152714313175
receptions,0.505,0.36526801824931615,0.21743703740228357
rushing_yards,0.505,0.18245142312654128,0.5242679207677994
carries,0.45499999999999996,0.08435526900445228,0.28199656980593973
rushing_yards,0.51,0.20227544468944392,0.4582160537127492
carries,0.46499999999999997,0.08332785060558778,0.18673228706752784
receiving_yards,0.45,0.39942890441193074,0.34024805530949054
receptions,0.485,0.26765156050033456,0.3544922954415675
rushing_yards,0.51,0.39771791271588186,0.5670893496770412
carries,0.485,0.22583912569392553,0.513023249524805
rushing_yards,0.495,0.3234186924725756,0.5282700388433731
receiving_yards,0.355,0.29944567473985845,0.29285664999177813
receptions,0.61,0.45068121464823463,0.5207526859170708
rushing_yards,0.5,0.5393918085727719,0.5946109840140923
carries,0.51,0.7686541996318459,0.38423705578432205
receiving_yards,0.495,0.5738765346238129,0.5026233982861216
receptions,0.575,0.5925027101630239,0.5173593684536814
rushing_yards,0.52,0.28483910908290766,0.33532441527056467
carries,0.45999999999999996,0.36047968164744343,0.2778138017458739
receiving_yards,0.505,0.5426583301856289,0.4084744067763919
receptions,0.525,0.4198324084367268,0.4440059301910075
rushing_yards,0.53,0.34207504480345885,0.5723499902862792
rushing_yards,0.53,0.319922311510038,0.5620396558561196
rushing_yards,0.51,0.5099664152417919,0.5648017731218012
carries,0.515,0.23653813489008274,0.4846603468053043
receiving_yards,0.515,0.42357014358369993,0.27037961334107496
receptions,0.53,0.5058030434740933,0.386916331442286
carries,0.41500000000000004,0.035513864812190536,0.038695565468350054
receiving_yards,0.5349999999999999,0.18250994381159247,0.24977369931871812
receptions,0.63,0.362,0.3481486576203163
receiving_yards,0.55,0.16857733198213176,0.3219274534872824
receptions,0.355,0.044,0.15953743097913425
receiving_yards,0.495,0.7260768667393415,0.7144072254958442
receptions,0.515,1.0,0.7043548674996666
receiving_yards,0.48,0.29816932170199284,0.4810110811965628
receptions,0.475,0.134,0.4350044441384422
receiving_yards,0.5349999999999999,0.3367149228444384,0.5061816267080562
receptions,0.525,0.196,0.40611310753384217
receiving_yards,0.53,0.23914905925213148,0.49494642403014333
receptions,0.55,0.087,0.42888422317801006
receiving_yards,0.51,0.6590632160030212,0.5536764876756467
receptions,0.525,0.679,0.4676818986835115
receiving_yards,0.45,0.2217570865316999,0.37507510806270994
receiving_yards,0.505,0.5839472674916917,0.6411442732013017
receptions,0.475,0.39,0.5654735686068397
receiving_yards,0.555,0.37461726766741865,0.5156514102217974
receptions,0.59,0.216,0.5099820712244797
receiving_yards,0.54,0.27056646183206123,0.37883419055535766
receptions,0.495,0.22,0.3786881622167312
receiving_yards,0.6,0.5994964940249111,0.4860938043147415
receptions,0.575,0.348,0.2473898242743755
receiving_yards,0.51,0.10100555713960291,0.2407975284017811
receptions,0.505,0.117,0.05960664573714358
receiving_yards,0.495,0.6250239192747497,0.591386628263779
receptions,0.47,0.733,0.5353937342385479
receiving_yards,0.605,0.6281212074377913,0.6915812929417807
receptions,0.55,0.564,0.5760343617665706
receiving_yards,0.535,0.7245307625698091,0.45388129139915995
receptions,0.515,0.389,0.18588243203035976
receiving_yards,0.505,0.660415503487265,0.6286657627640038
receptions,0.49,0.595,0.546997991241754
receiving_yards,0.485,0.19431922382098166,0.3621253463370895
receptions,0.545,0.168,0.4266095335144345
receiving_yards,0.485,0.2196301903320057,0.3064207921579778
receptions,0.5549999999999999,0.398,0.4304126641100826
receiving_yards,0.485,0.6994343692058749,0.6120251575750608
receptions,0.565,0.676,0.6010073627412207
receiving_yards,0.505,0.4028754737155792,0.4004772472710498
receptions,0.51,0.177,0.36896370994126354
receiving_yards,0.5349999999999999,0.5511462016819692,0.6576784811837976
receptions,0.545,0.442,0.5741759861507295
receiving_yards,0.505,0.3567023317087623,0.5498676977384098
receptions,0.56,0.406,0.5569467932019533
receiving_yards,0.56,0.8393661848436893,0.6489893340713891
receptions,0.48,0.451,0.5275048048565826
receiving_yards,0.585,0.6344625539086434,0.5844746716374456
receptions,0.53,0.406,0.47220412577501314
receiving_yards,0.565,0.7559959701328988,0.4782056524672452
receptions,0.47,0.443,0.2818733789377574
receiving_yards,0.45999999999999996,0.3379120296293444,0.472847409469106
receptions,0.46499999999999997,0.378,0.4941667669816744
receiving_yards,0.495,0.3376608019558619,0.36869969806525293
receptions,0.56,0.339,0.32636060343345613
receiving_yards,0.395,0.6518163614434703,0.5221063381713144
receptions,0.45499999999999996,0.477,0.571179687548456
receiving_yards,0.46499999999999997,0.4970022656075831,0.5547289876463258
receptions,0.44999999999999996,0.564,0.5116044996769277
receiving_yards,0.525,0.21504361778108394,0.3173259886034521
receptions,0.44,0.174,0.27941909898267914
receiving_yards,0.48,0.33116156219848825,0.3773280892819846
receptions,0.425,0.391,0.4120324924125359
receiving_yards,0.41500000000000004,0.15543818328424852,0.3228248903820806
receptions,0.59,0.14,0.4067020576457625
receiving_yards,0.46499999999999997,0.7138678100701621,0.6003968250223953
receptions,0.485,0.47,0.5412249717429004
receiving_yards,0.51,0.7249789437067363,0.5489156503616242
receptions,0.44999999999999996,0.443,0.44302136714448276
receiving_yards,0.485,0.3407953911192093,0.47233001110741424
receptions,0.535,0.39,0.4832333896279672
receiving_yards,0.595,0.8178832466216479,0.46803257672871523
receptions,0.575,0.727,0.4145148847973105
receiving_yards,0.5349999999999999,0.5741871265977605,0.5868055230815431
receptions,0.485,0.205,0.46280314426522107
receiving_yards,0.355,0.69363279864738,0.5308331167215988
receptions,0.435,0.767,0.500747387187661
receiving_yards,0.475,0.5162495193197097,0.6361009556119093
receptions,0.5549999999999999,0.732,0.5916205796813836
receiving_yards,0.51,0.6104396812360408,0.5690303449125259
receptions,0.53,0.401,0.5485305590225555
receiving_yards,0.415,0.6067469778555539,0.5837724382500006
receptions,0.565,0.907,0.595931284801586
receiving_yards,0.505,0.4669876797716008,0.5402936006857473
receptions,0.525,0.365,0.5077905824264047
receiving_yards,0.5,0.24312768584306332,0.4234957322114171
receptions,0.535,0.326,0.47081675696508657
receiving_yards,0.47,0.45675000871065397,0.5350701634095358
receptions,0.525,0.409,0.5445589350079987
receiving_yards,0.54,0.3357381998527347,0.5859639356719223
receptions,0.505,0.341,0.447908746617206
receiving_yards,0.46499999999999997,0.4464404062630777,0.4757741207386109
receptions,0.585,0.402,0.5390818428071357
receiving_yards,0.525,0.5318517964458805,0.5912551955806847
receptions,0.45499999999999996,0.384,0.5085190365026422
receiving_yards,0.485,0.11604099765914389,0.47355269432240127
receptions,0.46499999999999997,0.145,0.4977661282992202
receiving_yards,0.4,0.47110179712619493,0.5582441959971054
receptions,0.41000000000000003,0.416,0.4908966134762647
receiving_yards,0.435,0.23476239414673117,0.2891899817050264
receptions,0.425,0.207,0.3864556001709703
receiving_yards,0.52,0.6294870261821539,0.6631619529694137
receptions,0.56,0.37,0.5786132161211048
receiving_yards,0.515,0.6548335845745101,0.665074185074181
receptions,0.5800000000000001,0.741,0.6126823574940478
receiving_yards,0.51,0.3829468970424531,0.27839938200144354
receptions,0.605,0.383,0.4179128778838336
receiving_yards,0.515,0.3445954061261082,0.48882082630919216
receptions,0.595,0.354,0.5129967767312803
receiving_yards,0.495,0.1687766001121399,0.40512246864641854
receptions,0.44,0.097,0.34060061163500754
receiving_yards,0.48,0.3645355569309221,0.4771956194215966
receptions,0.475,0.336,0.47146062365867103
receiving_yards,0.47,0.4969784485959179,0.5619708903250629
receptions,0.51,0.556,0.4869785563158874
receiving_yards,0.575,0.6494895750772706,0.6297621958141381
receptions,0.46499999999999997,0.323,0.4904591909894218
receiving_yards,0.485,0.590691252527185,0.5760125605676001
receptions,0.565,0.388,0.5488303229567426
receiving_yards,0.475,0.7057437014997627,0.6592629911214933
receptions,0.33999999999999997,0.724,0.5373684784425358
receiving_yards,0.485,0.6213215984760971,0.45507233739152614
receptions,0.59,0.866,0.48478496399896065
receiving_yards,0.42,0.5737161743226751,0.5188548393106381
receptions,0.42000000000000004,0.607,0.5004230838243969
receiving_yards,0.4,0.26465479150714577,0.4080660305554022
receptions,0.46499999999999997,0.226,0.42318937984747784
receiving_yards,0.505,0.40064446181676483,0.39364337203600236
receptions,0.55,0.44,0.3590269319769003
receiving_yards,0.515,0.4217908426868243,0.5756354549157974
receiving_yards,0.455,0.6484490293173655,0.5924430217248918
receptions,0.56,0.765,0.6083273840694687
receiving_yards,0.605,0.6726459261560326,0.6565755004894673
receptions,0.435,0.404,0.4891586708155412
receiving_yards,0.5,0.37945948215031766,0.48435718018036145
receptions,0.535,0.532,0.539403013019808
receiving_yards,0.525,0.45183610292809273,0.5126566217177135
receptions,0.51,0.5,0.49053210686084125
receiving_yards,0.48,0.5765101691276975,0.6241706270117667
receptions,0.525,0.43,0.5483734290474571
receiving_yards,0.505,0.29483386444535875,0.5365905175890425
receptions,0.5900000000000001,0.189,0.5236509569658306
receiving_yards,0.545,0.3311431199882683,0.4916207251577224
receptions,0.475,0.388,0.4820460645944994
receiving_yards,0.495,0.4637498388272513,0.45368934853305276
receptions,0.5900000000000001,0.461,0.5132926379131095
receiving_yards,0.575,0.6451234947909144,0.718015043193497
receptions,0.485,0.174,0.5742283866342021
receiving_yards,0.41500000000000004,0.7093203368344323,0.6018702955297396
receptions,0.425,0.655,0.5443936123653393
receiving_yards,0.565,0.23260996456061256,0.4607640224089111
receptions,0.5,0.189,0.4425096233283047
receiving_yards,0.49,0.12095592135154498,0.4735655951471628
receptions,0.545,0.2,0.4888378033186851
receiving_yards,0.545,0.34121503262857344,0.5848048474247661
receptions,0.42,0.205,0.4991578335087804
receiving_yards,0.56,0.4478136312039175,0.5469118463465076
receptions,0.52,0.395,0.4302285577885984
receiving_yards,0.52,0.6417921084297793,0.6343524045733676
receptions,0.53,0.445,0.5742496739476541
receiving_yards,0.525,0.22086222029991975,0.5785660112138562
receptions,0.45999999999999996,0.058,0.48452980762885545
receiving_yards,0.51,0.7267192823307485,0.5509046186591824
receptions,0.44999999999999996,0.632,0.4181622195521483
receiving_yards,0.425,0.3097694381593006,0.40337976127484204
receptions,0.44999999999999996,0.193,0.3317650190695633
receiving_yards,0.495,0.6214913009861771,0.6296130873486963
receptions,0.36,0.424,0.37828173749057653
receiving_yards,0.495,0.4191072162632663,0.5073099806423829
receptions,0.5549999999999999,0.363,0.5337667674720195
receiving_yards,0.5,0.43097638516782866,0.6016532799077026
receptions,0.54,0.618,0.577981304698428
receiving_yards,0.5449999999999999,0.6380356412524364,0.45799658660923553
receptions,0.515,0.537,0.4216147800728925
receiving_yards,0.5,0.379529508337893,0.28593059373210583
receptions,0.52,0.339,0.34202758306324577
receiving_yards,0.525,0.39461888657149347,0.3597518894080436
receptions,0.595,0.32,0.26587322565225713
receiving_yards,0.5249999999999999,0.5387144463371187,0.607843661931906
receiving_yards,0.365,0.406876338584482,0.4566351392297624
receptions,0.36,0.464,0.5038581745977297
receiving_yards,0.515,0.43325129154728426,0.6133036486250943
receiving_yards,0.5,0.4448078649116276,0.5419193101758959
receiving_yards,0.51,0.4010449556401491,0.6019729810719835
receiving_yards,0.5349999999999999,0.2888389845843413,0.549128791319049
receptions,0.38,0.446,0.46081576153492987
receptions,0.34,1.0,0.6895014362046992
receptions,0.405,0.201,0.3592184981555713
