player,pos,stat,strike,mkt_p,model_p,model_mean,trailing
Aaron Rodgers,QB,attempts,35.5,0.46499999999999997,0.4117919810855392,34.0571931910667,39.75
Aaron Rodgers,QB,completions,21.5,0.46499999999999997,0.41128668714086436,20.570287867231418,23.25
Aaron Rodgers,QB,passing_tds,0.5,0.675,0.6779932007346339,1.1331826179297115,0.5
Aaron Rodgers,QB,passing_yards,199.5,0.555,0.553,228.292871254567,207.25
Matthew Stafford,QB,passing_tds,1.5,0.64,0.46798292967689087,1.5781529251293167,1.5
Matthew Stafford,QB,passing_yards,249.5,0.46499999999999997,0.425,252.56821822110226,272.75
Kirk Cousins,QB,passing_tds,0.5,0.675,0.7577334386971429,1.4177166660367302,1.75
Kirk Cousins,QB,passing_yards,199.5,0.44999999999999996,0.724,269.5052966786353,165.75
Keenan Allen,WR,receiving_yards,24.5,0.55,0.6380356412524364,46.487046845919906,27.5
Travis Kelce,TE,receiving_yards,39.5,0.5,0.4191072162632663,43.485883703828335,31.25
Geno Smith,QB,attempts,30.5,0.475,0.583713195235628,34.406983317403856,24.0
Geno Smith,QB,completions,20.5,0.475,0.5323910238411325,22.171244578605716,17.0
Geno Smith,QB,passing_tds,1.5,0.33499999999999996,0.36264680274663086,1.2703773650913306,1.0
Geno Smith,QB,passing_yards,199.5,0.495,0.612,242.82840608885604,177.0
Geno Smith,QB,rushing_yards,9.5,0.425,0.5384817729438793,11.261713792182432,3.0
Davante Adams,WR,receiving_yards,44.5,0.495,0.4448078649116276,54.346783311147206,52.75
Mike Evans,WR,receiving_yards,49.5,0.475,0.37945948215031766,56.754994191518826,36.25
Mike Evans,WR,receptions,3.5,0.53,0.532,4.088,4.0
Stefon Diggs,WR,receiving_yards,39.5,0.56,0.4478136312039175,46.9281048160329,37.25
Stefon Diggs,WR,receptions,4.5,0.52,0.395,4.367,4.0
Kalif Raymond,WR,receiving_yards,24.5,0.485,0.7249789437067363,32.355017653802975,50.75
Kalif Raymond,WR,receptions,2.5,0.45999999999999996,0.443,2.998,4.0
Derrick Henry,RB,carries,19.5,0.53,0.6085153143221154,23.736196957172922,24.5
Derrick Henry,RB,rushing_yards,89.5,0.475,0.5573273796242068,117.33416660202002,153.5
Demarcus Robinson,WR,receiving_yards,24.5,0.505,0.6484490293173655,34.75516963036462,46.5
Demarcus Robinson,WR,receptions,1.5,0.56,0.765,2.789,3.0
Carson Wentz,QB,attempts,30.5,0.495,0.6644971380278581,37.42056029939185,30.5
Carson Wentz,QB,completions,19.5,0.47,0.6255373236221946,23.316414485684053,19.5
Carson Wentz,QB,passing_tds,1.5,0.405,0.44795162360923263,1.51731077846511,1.25
Carson Wentz,QB,passing_yards,199.5,0.5900000000000001,0.754,282.3647869976462,206.5
Carson Wentz,QB,rushing_yards,9.5,0.475,0.6196546816662953,12.812684462781581,10.0
Dak Prescott,QB,attempts,34.5,0.475,0.3975640651019437,32.65674806739081,28.0
Dak Prescott,QB,completions,22.5,0.495,0.362535249273874,20.496454245866463,17.25
Dak Prescott,QB,passing_tds,1.5,0.625,0.47596483116943694,1.6027744549745617,1.5
Dak Prescott,QB,passing_yards,249.5,0.575,0.401,246.10854108334294,199.0
Hunter Henry,TE,receiving_yards,39.5,0.49,0.11604099765914389,26.45697150306914,18.5
Hunter Henry,TE,receptions,3.5,0.46499999999999997,0.145,2.271,2.25
Jared Goff,QB,attempts,36.5,0.475,0.444645283602822,36.107648114676635,41.0
Jared Goff,QB,completions,23.5,0.515,0.45794203110602005,23.580482817567052,26.25
Jared Goff,QB,passing_tds,1.5,0.545,0.442082671633533,1.4997253507760762,1.75
Jared Goff,QB,passing_yards,249.5,0.545,0.384,241.4798418630712,274.5
Jacoby Brissett,QB,attempts,35.5,0.46499999999999997,0.38958774781754285,33.357919788548394,34.0
Jacoby Brissett,QB,completions,21.5,0.51,0.4595960050032712,21.595376870725115,21.5
Jacoby Brissett,QB,passing_tds,1.5,0.325,0.4052826895042744,1.3916544666656643,1.5
Jacoby Brissett,QB,passing_yards,224.5,0.435,0.465,235.27361403262273,233.75
Christian McCaffrey,RB,carries,14.5,0.505,0.23653813489008274,11.211141047761467,11.0
Christian McCaffrey,RB,receiving_yards,39.5,0.505,0.42357014358369993,39.90273956629085,39.75
Christian McCaffrey,RB,receptions,4.5,0.52,0.5058030434740933,5.061429985605942,5.5
George Kittle,TE,receiving_yards,39.5,0.52,0.4217908426868243,39.96078640960582,40.5
Aaron Jones,RB,carries,13.5,0.5700000000000001,0.39453638743986524,12.652687469462592,15.75
Aaron Jones,RB,receiving_yards,14.5,0.49,0.3872848067005126,13.816006846434519,12.25
Aaron Jones,RB,receptions,2.5,0.51,0.27180955089279407,1.80907235185934,2.0
Aaron Jones,RB,rushing_yards,59.5,0.505,0.3353798604589764,49.425224394247934,53.0
Deshaun Watson,QB,attempts,29.5,0.47,0.5620293024475735,32.57151901597459,22.5
Deshaun Watson,QB,completions,17.5,0.525,0.6336004817532571,21.10406130912137,15.5
Deshaun Watson,QB,passing_tds,0.5,0.61,0.6946071262767033,1.1861562207092216,0.5
Deshaun Watson,QB,passing_yards,174.5,0.46,0.686,232.01780118170922,156.5
Mack Hollins,WR,receiving_yards,39.5,0.395,0.47110179712619493,51.30265975141131,62.25
Mack Hollins,WR,receptions,3.5,0.41000000000000003,0.416,3.887,4.25
Jonnu Smith,TE,receiving_yards,14.5,0.395,0.6518163614434703,24.272802295192015,17.25
Jonnu Smith,TE,receptions,1.5,0.45499999999999996,0.477,1.985,2.5
Patrick Mahomes,QB,passing_tds,1.5,0.51,0.4261847953792137,1.4525941986027238,1.5
Patrick Mahomes,QB,passing_yards,224.5,0.46499999999999997,0.512,245.26891988674555,198.5
Patrick Mahomes,QB,rushing_yards,14.5,0.525,0.6590601070967228,20.92000450330233,31.75
Evan Engram,TE,receiving_yards,24.5,0.485,0.590691252527185,33.90142045809797,28.5
Evan Engram,TE,receptions,2.5,0.58,0.388,2.517,2.5
Alvin Kamara,RB,rushing_yards,14.5,0.54,0.8976802829697339,33.817193281315156,32.25
Chris Godwin Jr.,WR,receiving_yards,39.5,0.5549999999999999,0.3680935359969262,35.430529424441076,46.5
Chris Godwin Jr.,WR,receptions,3.5,0.56,0.398,3.5320000000000005,4.25
Courtland Sutton,WR,receiving_yards,39.5,0.485,0.3645355569309221,39.85758784523792,21.5
Courtland Sutton,WR,receptions,3.5,0.475,0.336,3.1139999999999994,2.5
Dallas Goedert,TE,receiving_yards,39.5,0.46499999999999997,0.45675000871065397,43.73779392417808,37.5
Dallas Goedert,TE,receptions,3.5,0.525,0.409,3.729,3.5
Dalton Schultz,TE,receiving_yards,39.5,0.535,0.23914905925213148,32.20704006519723,41.75
Dalton Schultz,TE,receptions,4.5,0.55,0.087,2.663,3.25
Lamar Jackson,QB,attempts,27.5,0.505,0.4001160943849245,26.060553900055556,16.25
Lamar Jackson,QB,carries,7.5,0.555,0.044785095224016094,3.4072564955516333,3.75
Lamar Jackson,QB,completions,18.5,0.475,0.333249655385093,16.32647843058519,10.75
Lamar Jackson,QB,passing_tds,1.5,0.45999999999999996,0.36106307220074874,1.2659386000889035,1.5
Lamar Jackson,QB,passing_yards,199.5,0.5349999999999999,0.351,185.86978939896719,203.25
Lamar Jackson,QB,rushing_yards,39.5,0.515,0.016829276791422307,15.456102836559555,20.5
DJ Moore,WR,receiving_yards,59.5,0.545,0.24868577263293057,44.42715217148695,56.75
DJ Moore,WR,receptions,4.5,0.515,0.216,3.504,4.25
Mike Gesicki,TE,receiving_yards,24.5,0.505,0.5839472674916917,33.753263718346695,43.25
Mike Gesicki,TE,receptions,2.5,0.47,0.39,2.6030000000000006,3.0
Saquon Barkley,RB,receiving_yards,14.5,0.355,0.4602746445803546,15.541657101513358,5.5
Saquon Barkley,RB,receptions,1.5,0.605,0.6038203667934425,2.036638795834205,1.0
Saquon Barkley,RB,rushing_yards,79.5,0.49,0.4179062202281243,89.2111407182382,97.25
Baker Mayfield,QB,attempts,27.5,0.52,0.569627693950625,30.578784743584126,30.0
Baker Mayfield,QB,completions,18.5,0.485,0.5727471442628732,20.862207076206456,22.5
Baker Mayfield,QB,passing_tds,1.5,0.51,0.43711141119970276,1.4849100007832314,1.0
Baker Mayfield,QB,passing_yards,199.5,0.565,0.517,219.92933065896236,227.5
Josh Allen,QB,attempts,31.5,0.495,0.3432855968486619,28.312723144060573,34.5
Josh Allen,QB,carries,6.5,0.565,0.461100357022369,6.8243386458255895,9.0
Josh Allen,QB,completions,20.5,0.495,0.37044696839657987,18.812379759290565,24.0
Josh Allen,QB,passing_tds,1.5,0.605,0.4658589032030585,1.571638488725233,1.5
Josh Allen,QB,passing_yards,249.5,0.515,0.257,211.16296895839577,288.0
Josh Allen,QB,rushing_yards,29.5,0.55,0.42591196266618014,29.57482793674211,37.25
T.J. Hockenson,TE,receiving_yards,24.5,0.5349999999999999,0.5741871265977605,30.7381384497622,29.0
T.J. Hockenson,TE,receptions,3.5,0.485,0.205,2.745,2.75
Josh Oliver,TE,receiving_yards,14.5,0.365,0.69363279864738,26.947963120478928,19.5
Josh Oliver,TE,receptions,1.5,0.435,0.767,2.366,1.75
Tony Pollard,RB,carries,11.5,0.495,0.6012791843338166,13.80545140371802,15.0
Tony Pollard,RB,receptions,1.5,0.46499999999999997,0.48690293057134043,1.6368906846127964,1.5
Tony Pollard,RB,rushing_yards,39.5,0.47,0.6480090776899634,56.87962641306376,67.5
DK Metcalf,WR,receiving_yards,49.5,0.53,0.3445954061261082,49.09413480232334,44.75
DK Metcalf,WR,receptions,4.5,0.425,0.23,3.496,3.25
Terry McLaurin,WR,receiving_yards,49.5,0.55,0.34121503262857344,44.9452854595432,46.75
Terry McLaurin,WR,receptions,3.5,0.59,0.359,3.319,3.5
David Montgomery,RB,receptions,1.5,0.585,0.44715837808997877,1.5149278196861267,1.5
David Montgomery,RB,rushing_yards,59.5,0.53,0.09002754630006371,31.939182706241777,35.25
Dawson Knox,TE,receiving_yards,14.5,0.405,0.6377108635610613,25.20525656454055,23.25
Dawson Knox,TE,receptions,1.5,0.395,0.741,2.178,2.25
Drew Lock,QB,attempts,29.5,0.485,0.012542200095995602,15.13610078074444,6.25
Drew Lock,QB,completions,18.5,0.495,0.01507419851118747,9.365209997711586,4.5
Drew Lock,QB,passing_tds,1.5,0.37,0.10840776030447369,0.5584168430889209,0.25
Drew Lock,QB,passing_yards,199.5,0.54,0.042,107.58431050809268,50.5
Daniel Jones,QB,passing_tds,1.5,0.33499999999999996,0.25844343858643887,0.9842396167163319,1.25
Daniel Jones,QB,passing_yards,224.5,0.44499999999999995,0.207,182.60355091807247,152.0
Daniel Jones,QB,rushing_yards,9.5,0.47,0.4295329752476713,9.574842105328631,6.25
Deebo Samuel Sr.,WR,receiving_yards,24.5,0.5900000000000001,0.6726459261560326,39.00220018585129,42.75
Deebo Samuel Sr.,WR,receptions,3.5,0.43,0.404,3.827,3.25
Rico Dowdle,RB,receiving_yards,14.5,0.39,0.3659298234845319,13.346414876635546,9.0
Rico Dowdle,RB,receptions,2.5,0.45999999999999996,0.25818457012155993,1.7580913415582722,2.0
Rico Dowdle,RB,rushing_yards,29.5,0.52,0.3086012557652654,25.262314062032367,23.25
J.K. Dobbins,RB,carries,14.5,0.45499999999999996,0.49992028342456285,15.392450887756114,14.0
J.K. Dobbins,RB,rushing_yards,59.5,0.49,0.40682569835897386,64.59852648707766,71.25
Jonathan Taylor,RB,receiving_yards,14.5,0.505,0.5426583301856289,17.805456798253807,20.75
Jonathan Taylor,RB,rushing_yards,79.5,0.525,0.28483910908290766,70.23785589648895,60.0
Jauan Jennings,WR,receiving_yards,14.5,0.595,0.8178832466216479,29.60333206166955,25.75
Jauan Jennings,WR,receptions,1.5,0.575,0.727,2.2409999999999997,1.75
Jordan Love,QB,attempts,33.5,0.45499999999999996,0.4407292709300725,33.005889425387835,35.25
Jordan Love,QB,completions,21.5,0.485,0.4321331296873886,21.006422938911633,19.25
Jordan Love,QB,passing_tds,1.5,0.54,0.49974639908910107,1.7360103490779761,1.75
Jordan Love,QB,passing_yards,249.5,0.515,0.425,251.23134405030447,265.75
Jordan Love,QB,rushing_yards,9.5,0.375,0.5006820818092801,10.636191464020364,11.75
D'Andre Swift,RB,rushing_yards,59.5,0.495,0.43968693231500444,53.05292297784673,73.5
Cole Kmet,TE,receiving_yards,14.5,0.47,0.7138678100701621,23.12072716300034,20.5
Cole Kmet,TE,receptions,1.5,0.485,0.47,1.8969999999999996,1.75
Justin Jefferson,WR,receiving_yards,79.5,0.48,0.33116156219848825,83.26257514935952,77.0
Justin Jefferson,WR,receptions,6.5,0.44,0.391,6.577,6.5
Justin Herbert,QB,passing_tds,1.5,0.52,0.4091329828326644,1.4027983284921899,1.0
Justin Herbert,QB,passing_yards,224.5,0.485,0.663,281.85868947494095,226.0
CeeDee Lamb,WR,receiving_yards,74.5,0.495,0.12095592135154498,45.80690672808439,36.25
CeeDee Lamb,WR,receptions,5.5,0.54,0.2,3.782,4.25
Jalen Hurts,QB,attempts,27.5,0.505,0.6488853482152763,33.16046352908076,29.25
Jalen Hurts,QB,completions,17.5,0.51,0.6375144692123159,21.199619366775707,17.25
Jalen Hurts,QB,passing_tds,1.5,0.39,0.42789170461386117,1.457620640502193,1.75
Jalen Hurts,QB,passing_yards,199.5,0.535,0.57,232.912465773525,166.5
Jalen Hurts,QB,rushing_yards,29.5,0.495,0.12540068959459902,17.81916005261786,26.25
Jerry Jeudy,WR,receiving_yards,24.5,0.505,0.660415503487265,46.48127291988004,27.25
Jerry Jeudy,WR,receptions,2.5,0.49,0.595,3.304,3.0
Tee Higgins,WR,receiving_yards,49.5,0.555,0.37461726766741865,47.61638362857782,59.5
Tee Higgins,WR,receptions,3.5,0.59,0.216,2.861,4.0
Adam Trautman,TE,receiving_yards,9.5,0.47,0.7057437014997627,23.200286402059326,12.0
Adam Trautman,TE,receptions,1.5,0.33999999999999997,0.724,2.053,1.5
Joe Burrow,QB,passing_tds,1.5,0.52,0.49016995519907963,1.694081918799014,2.5
Joe Burrow,QB,passing_yards,249.5,0.495,0.423,245.70316859246674,276.0
Nico Collins,WR,receiving_yards,59.5,0.575,0.3067468126283448,54.535731065167155,53.0
Jaylen Waddle,WR,receiving_yards,49.5,0.5,0.1687766001121399,30.47173880467661,25.0
Jaylen Waddle,WR,receptions,4.5,0.44,0.097,2.612,2.0
Brock Wright,TE,receptions,0.5,0.62,1.0,1.815,1.5
Rhamondre Stevenson,RB,receiving_yards,14.5,0.525,0.5825329489475647,19.073251919231616,23.75
Rhamondre Stevenson,RB,receptions,2.5,0.545,0.4906710768416905,2.6613903665078693,3.5
Rhamondre Stevenson,RB,rushing_yards,49.5,0.49,0.4947681824191299,62.46496968415526,53.75
Pat Freiermuth,TE,receiving_yards,24.5,0.52,0.6294870261821539,29.878581603420464,44.5
Pat Freiermuth,TE,receptions,2.5,0.56,0.37,2.529,3.0
Ja'Marr Chase,WR,receiving_yards,74.5,0.54,0.27056646183206123,64.58666751280562,69.25
Ja'Marr Chase,WR,receptions,6.5,0.495,0.22,4.912,6.5
DeVonta Smith,WR,receiving_yards,59.5,0.5,0.24312768584306332,46.86457169452599,50.0
DeVonta Smith,WR,receptions,4.5,0.535,0.326,3.979,4.0
Amon-Ra St. Brown,WR,receiving_yards,79.5,0.505,0.3992597505015669,116.16368346922916,82.0
Amon-Ra St. Brown,WR,receptions,7.5,0.475,0.499,9.228,8.25
Trevor Lawrence,QB,attempts,32.5,0.485,0.46931164781859946,32.87834110750392,30.0
Trevor Lawrence,QB,completions,19.5,0.495,0.5050196312436941,20.4947556585134,20.25
Trevor Lawrence,QB,passing_tds,1.5,0.41500000000000004,0.4681218125957914,1.5785794229252943,2.5
Trevor Lawrence,QB,passing_yards,224.5,0.46499999999999997,0.482,242.38962372411646,242.5
Travis Etienne,RB,carries,11.5,0.48,0.5411963801046281,12.796649571472953,12.5
Travis Etienne,RB,rushing_yards,39.5,0.47,0.5584716144682434,54.59043844514257,55.25
Javonte Williams,RB,carries,17.5,0.47,0.08332785060558778,10.493836052504236,12.25
Javonte Williams,RB,receiving_yards,14.5,0.45499999999999996,0.39942890441193074,14.089324802147075,10.0
Javonte Williams,RB,receptions,2.5,0.485,0.26765156050033456,1.7935471162944348,1.75
Javonte Williams,RB,rushing_yards,74.5,0.495,0.16521534745910893,46.0684888284855,55.0
Jaylen Warren,RB,receiving_yards,14.5,0.56,0.430472372673091,14.811567755885616,16.0
Jaylen Warren,RB,receptions,2.5,0.605,0.33169425595019836,2.0309281292845953,2.75
Jaylen Warren,RB,rushing_yards,39.5,0.5,0.5307179975399872,46.14193623866719,54.75
Drake London,WR,receiving_yards,49.5,0.54,0.3367149228444384,49.283149645948,34.5
Drake London,WR,receptions,4.5,0.53,0.196,3.273,2.5
Chris Olave,WR,receiving_yards,69.5,0.49,0.5162495193197097,125.49202341969601,133.5
Chris Olave,WR,receptions,5.5,0.56,0.732,8.42,8.5
Jameson Williams,WR,receiving_yards,59.5,0.475,0.2593985371978288,47.51475778317118,56.5
Jameson Williams,WR,receptions,3.5,0.575,0.364,3.367000000000001,4.25
George Pickens,WR,receiving_yards,59.5,0.565,0.23260996456061256,41.38214538981259,61.25
George Pickens,WR,receptions,4.5,0.5,0.189,3.177,3.75
James Cook,RB,carries,16.5,0.575,0.17354841474960034,11.678764706000601,13.5
James Cook,RB,receiving_yards,14.5,0.575,0.3916201965597183,13.913029994357027,10.25
James Cook,RB,receptions,2.5,0.505,0.27080231978826397,1.8053139419235984,1.75
James Cook,RB,rushing_yards,79.5,0.485,0.1438383793350163,49.85659998914433,58.75
Greg Dulcich,TE,receiving_yards,24.5,0.415,0.5737161743226751,33.19673954608469,38.25
Greg Dulcich,TE,receptions,2.5,0.425,0.607,3.133,3.25
Rachaad White,RB,receiving_yards,14.5,0.36,0.29944567473985845,11.956415361466199,11.25
Rachaad White,RB,receptions,1.5,0.61,0.45068121464823463,1.5255255006508712,2.0
Rachaad White,RB,rushing_yards,24.5,0.495,0.3234186924725756,26.06337739176139,25.0
Khalil Shakir,WR,receiving_yards,39.5,0.545,0.5688853841677408,48.97956011774389,60.5
Khalil Shakir,WR,receptions,4.5,0.425,0.59,5.643,7.25
Rashid Shaheed,WR,receiving_yards,24.5,0.495,0.4637498388272513,27.849647531920724,20.5
Rashid Shaheed,WR,receptions,1.5,0.585,0.461,1.893,1.0
Alec Pierce,WR,receiving_yards,39.5,0.53,0.5387144463371187,46.99261200966825,69.75
Garrett Wilson,WR,receiving_yards,59.5,0.51,0.4028754737155792,69.66273828201042,40.75
Garrett Wilson,WR,receptions,5.5,0.51,0.177,3.997,3.75
Trey McBride,TE,receiving_yards,59.5,0.525,0.45183610292809273,84.83181774170068,65.75
Trey McBride,TE,receptions,6.5,0.515,0.5,7.859,7.5
Romeo Doubs,WR,receiving_yards,39.5,0.525,0.5318517964458805,49.30669904069885,67.5
Romeo Doubs,WR,receptions,3.5,0.45499999999999996,0.384,3.429,4.0
Brock Purdy,QB,attempts,28.5,0.475,0.4673558090766125,28.75862362492509,29.75
Brock Purdy,QB,completions,19.5,0.525,0.45357391371722666,19.452448868779463,19.25
Brock Purdy,QB,passing_tds,1.5,0.615,0.3937221600267163,1.3584005888920658,1.25
Brock Purdy,QB,passing_yards,224.5,0.565,0.33,206.10997991885412,183.5
Isaiah Likely,TE,receiving_yards,39.5,0.5349999999999999,0.2888389845843413,30.102567748810355,34.25
Kyren Williams,RB,rushing_yards,59.5,0.49,0.34207504480345885,49.40408687385453,56.0
Jake Ferguson,TE,receiving_yards,24.5,0.47500000000000003,0.22086222029991975,22.158260564667785,9.0
Jake Ferguson,TE,receptions,3.5,0.45499999999999996,0.058,1.887,1.75
Tyquan Thornton,WR,receiving_yards,14.5,0.505,0.6214913009861771,23.186765237431104,16.5
Wan'Dale Robinson,WR,receiving_yards,39.5,0.415,0.6067469778555539,83.11812876256575,56.0
Wan'Dale Robinson,WR,receptions,3.5,0.565,0.907,6.903,6.0
Breece Hall,RB,carries,16.5,0.44,0.3517182559886875,14.738128118264065,16.0
Breece Hall,RB,receiving_yards,14.5,0.52,0.3995318451457544,14.091662431588652,14.25
Breece Hall,RB,receptions,2.5,0.515,0.2738441636483973,1.8166598512509047,2.0
Breece Hall,RB,rushing_yards,59.5,0.5549999999999999,0.46248658384594743,65.44612841841378,72.5
Christian Watson,WR,receiving_yards,59.5,0.51,0.3567023317087623,53.322383930321394,78.25
Christian Watson,WR,receptions,3.5,0.5549999999999999,0.406,3.798,4.0
Malik Willis,QB,attempts,27.5,0.45999999999999996,0.5089447257138227,28.84661532758589,15.0
Malik Willis,QB,completions,16.5,0.495,0.5547393976330145,18.23567782667957,10.75
Malik Willis,QB,passing_tds,0.5,0.575,0.6658587355226276,1.096191427885492,0.5
Malik Willis,QB,passing_yards,174.5,0.49,0.646,217.85708636688204,159.0
Cade Otton,TE,receiving_yards,24.5,0.485,0.6994343692058749,37.71330784037501,42.0
Cade Otton,TE,receptions,2.5,0.565,0.676,3.535,4.0
Kenneth Walker III,RB,receiving_yards,19.5,0.495,0.5738765346238129,25.264304916778535,30.5
Kenneth Walker III,RB,rushing_yards,79.5,0.505,0.5393918085727719,134.98486892228553,121.5
Dontayvion Wicks,WR,receiving_yards,24.5,0.54,0.3357381998527347,25.05633568082122,24.5
Dontayvion Wicks,WR,receptions,2.5,0.505,0.341,2.179,1.5
Bijan Robinson,RB,carries,18.5,0.49,0.27760595183633513,15.114096055164575,18.5
Bijan Robinson,RB,receiving_yards,39.5,0.51,0.6008734426922306,53.68032206291958,56.5
Bijan Robinson,RB,receptions,4.5,0.565,0.6385544642783552,6.51601203715788,5.75
Bijan Robinson,RB,rushing_yards,79.5,0.52,0.4173011930400389,74.60276200459046,96.75
Jaxon Smith-Njigba,WR,receiving_yards,79.5,0.535,0.3311431199882683,84.04072170762154,80.25
Jaxon Smith-Njigba,WR,receptions,6.5,0.475,0.388,6.747,6.25
Darnell Washington,TE,receiving_yards,14.5,0.465,0.6548335845745101,23.738273114798048,23.5
Darnell Washington,TE,receptions,1.5,0.5800000000000001,0.741,2.275,2.5
Michael Wilson,WR,receiving_yards,39.5,0.475,0.5765101691276975,58.80174453895223,74.0
Michael Wilson,WR,receptions,3.5,0.525,0.43,4.005,4.25
Chase Brown,RB,receiving_yards,14.5,0.5700000000000001,0.7109805943217444,24.448873371813246,30.75
Chase Brown,RB,receptions,3.5,0.505,0.40873944311568233,3.297328757455684,4.0
Chase Brown,RB,rushing_yards,49.5,0.5449999999999999,0.6012720805614479,64.02468575837204,73.75
Parker Washington,WR,receiving_yards,59.5,0.47,0.4969784485959179,85.62567891127333,98.0
Parker Washington,WR,receptions,4.5,0.51,0.556,6.234,6.25
Kayshon Boutte,WR,receiving_yards,24.5,0.605,0.5994964940249111,32.85506595308281,30.75
Kayshon Boutte,WR,receptions,2.5,0.585,0.348,2.355,1.5
Chris Rodriguez Jr.,RB,rushing_yards,24.5,0.495,0.8168026595798613,41.717459072544145,50.75
Xavier Hutchinson,WR,receiving_yards,24.5,0.515,0.6590632160030212,50.946660354884344,45.25
Xavier Hutchinson,WR,receptions,2.5,0.53,0.679,3.969,3.5
Andrei Iosivas,WR,receiving_yards,14.5,0.495,0.6250239192747497,26.863301978672055,21.0
Andrei Iosivas,WR,receptions,1.5,0.47,0.733,2.247,2.25
DeMario Douglas,WR,receiving_yards,39.5,0.44,0.23476239414673117,31.435653407489596,25.25
DeMario Douglas,WR,receptions,3.5,0.425,0.207,2.681,3.0
Chris Brooks,RB,receptions,1.5,0.425,0.40236319320633956,1.383227874736515,0.5
Chris Brooks,RB,rushing_yards,24.5,0.515,0.3462420901451808,28.809397623406298,26.5
Dalton Kincaid,TE,receiving_yards,49.5,0.535,0.3359145819898224,38.559890799677305,72.25
Dalton Kincaid,TE,receptions,3.5,0.595,0.354,3.244,4.25
Brenton Strange,TE,receiving_yards,24.5,0.575,0.6494895750772706,33.13794764780816,34.5
Brenton Strange,TE,receptions,3.5,0.46499999999999997,0.323,2.881,3.25
Jordan Addison,WR,receiving_yards,39.5,0.42000000000000004,0.15543818328424852,23.960459702838346,8.5
Jordan Addison,WR,receptions,2.5,0.59,0.14,1.629,0.75
Tucker Kraft,TE,receiving_yards,39.5,0.5349999999999999,0.5511462016819692,49.47168708105344,71.5
Tucker Kraft,TE,receptions,3.5,0.55,0.442,4.104,4.25
Josh Downs,WR,receiving_yards,39.5,0.47,0.39461888657149347,37.34917304406758,49.25
Tyjae Spears,RB,receiving_yards,14.5,0.475,0.4947158998807005,16.43889739194988,18.25
Tyjae Spears,RB,receptions,2.5,0.52,0.38381827063607804,2.224388162126524,3.75
Tyjae Spears,RB,rushing_yards,14.5,0.525,0.8013075842392371,23.80822415716565,21.0
De'Von Achane,RB,carries,14.5,0.47,0.3852675937194602,13.454904100500425,14.0
De'Von Achane,RB,receiving_yards,24.5,0.55,0.300101201961795,20.22466760751425,33.75
De'Von Achane,RB,receptions,3.5,0.575,0.28774361899853484,2.6958747311235003,4.0
De'Von Achane,RB,rushing_yards,59.5,0.46499999999999997,0.41155760734193125,60.882204450701195,65.0
Sam LaPorta,TE,receiving_yards,44.5,0.505,0.3616984944631494,36.4240429610404,53.25
Sam LaPorta,TE,receptions,4.5,0.475,0.216,3.3950000000000005,4.75
Rashee Rice,WR,receiving_yards,49.5,0.505,0.43097638516782866,64.88048099066161,49.0
Puka Nacua,WR,receiving_yards,79.5,0.515,0.43325129154728426,140.76469007847382,101.5
Jahmyr Gibbs,RB,carries,19.5,0.39,0.242319502558966,15.22758965808477,18.0
Jahmyr Gibbs,RB,receiving_yards,29.5,0.525,0.4931109903116584,33.35668790706284,38.0
Jahmyr Gibbs,RB,receptions,4.5,0.415,0.4341388859951497,4.473040879696033,5.0
Jahmyr Gibbs,RB,rushing_yards,89.5,0.46499999999999997,0.20835762644204603,63.68095872145656,69.75
Jayden Reed,WR,receiving_yards,39.5,0.395,0.3379120296293444,36.331309528107354,34.75
Jayden Reed,WR,receptions,3.5,0.45999999999999996,0.378,3.35,3.5
Bryce Young,QB,attempts,30.5,0.525,0.5360661659129211,32.84740278067826,34.0
Bryce Young,QB,completions,19.5,0.53,0.510469696240595,20.609608697851534,20.5
Bryce Young,QB,passing_tds,1.5,0.43,0.3637499429466856,1.2734716426645414,1.5
Bryce Young,QB,passing_yards,224.5,0.48,0.388,218.01216988645504,236.25
C.J. Stroud,QB,passing_tds,1.5,0.47,0.37093377395689514,1.29367335951361,1.25
C.J. Stroud,QB,passing_yards,224.5,0.435,0.477,237.2643854707519,226.25
Malik Nabers,WR,receiving_yards,59.5,0.51,0.4010449556401491,68.24421717210386,67.25
Bucky Irving,RB,carries,14.5,0.495,0.44595869470957455,14.443708322411263,15.5
Bucky Irving,RB,rushing_yards,59.5,0.49,0.3859468351749802,60.34503049532799,55.0
Sione Vaki,RB,rushing_yards,9.5,0.355,0.0,10.606061850726721,1.75
Ryan Flournoy,WR,receiving_yards,24.5,0.525,0.6417921084297793,33.36828813038935,37.0
Ryan Flournoy,WR,receptions,2.5,0.53,0.445,2.865,3.25
Devaughn Vele,WR,receiving_yards,39.5,0.485,0.6104396812360408,45.247788460174974,67.75
Devaughn Vele,WR,receptions,3.5,0.53,0.401,3.812,5.75
Bo Nix,QB,attempts,33.5,0.49,0.402977942653507,31.866329134758736,33.75
Bo Nix,QB,completions,21.5,0.505,0.4387037443772568,21.14574426900583,20.75
Bo Nix,QB,passing_tds,1.5,0.445,0.35877700878864643,1.2595386636878834,1.25
Bo Nix,QB,passing_yards,224.5,0.48,0.4,219.15209767834045,183.25
Blake Corum,RB,rushing_yards,39.5,0.565,0.319922311510038,31.637353949674356,43.25
Roman Wilson,WR,receiving_yards,24.5,0.51,0.3829468970424531,23.40220240803071,10.75
Roman Wilson,WR,receptions,1.5,0.605,0.383,1.611,1.0
AJ Barner,TE,receiving_yards,14.5,0.565,0.6451234947909144,22.384230120087928,20.0
AJ Barner,TE,receptions,2.5,0.485,0.174,1.8970000000000002,2.0
Braelon Allen,RB,rushing_yards,24.5,0.49,0.34454524501854245,26.15893570014908,26.75
MarShawn Lloyd,RB,carries,14.5,0.45999999999999996,0.04689112564902227,7.8801454030544384,9.5
MarShawn Lloyd,RB,receiving_yards,9.5,0.345,0.4389636386008322,9.83783591456574,1.5
MarShawn Lloyd,RB,receptions,1.5,0.375,0.3492263700467461,1.2328902435058076,0.5
MarShawn Lloyd,RB,rushing_yards,49.5,0.495,0.1399272837718345,30.36254888884896,26.0
Marvin Harrison Jr.,WR,receiving_yards,34.5,0.505,0.29483386444535875,26.738845511129036,29.0
Marvin Harrison Jr.,WR,receptions,2.5,0.5900000000000001,0.189,1.946,2.0
Drake Maye,QB,attempts,29.5,0.515,0.4819627799587154,30.182259581460343,31.0
Drake Maye,QB,completions,20.5,0.5,0.37574075469524965,18.913953718667443,19.0
Drake Maye,QB,passing_tds,1.5,0.44,0.3235545457367442,1.161883121201448,1.5
Drake Maye,QB,passing_yards,224.5,0.515,0.353,211.5625553392627,184.5
Drake Maye,QB,rushing_yards,24.5,0.545,0.6633879933014403,35.619395639581164,39.75
Ray Davis,RB,rushing_yards,9.5,0.42500000000000004,1.0,19.739695111550162,38.5
Malik Washington,WR,receiving_yards,24.5,0.5800000000000001,0.5004029060329122,36.418746949076485,21.5
Malik Washington,WR,receptions,3.5,0.475,0.226,2.89,2.0
Adonai Mitchell,WR,receiving_yards,24.5,0.5800000000000001,0.6344625539086434,45.64472647779045,31.25
Adonai Mitchell,WR,receptions,2.5,0.53,0.406,2.84,2.25
Xavier Worthy,WR,receiving_yards,39.5,0.43,0.3097694381593006,35.95542689779857,23.5
Keon Coleman,WR,receiving_yards,14.5,0.485,0.5223488005852834,25.777049747296306,24.0
Keon Coleman,WR,receptions,1.5,0.395,0.454,1.9280000000000004,1.25
Jayden Daniels,QB,attempts,29.5,0.515,0.3481280075553755,26.62903678991441,24.5
Jayden Daniels,QB,completions,19.5,0.505,0.3247418516385225,17.06467502197591,13.75
Jayden Daniels,QB,passing_tds,1.5,0.4,0.3239688858701844,1.1630229209072214,0.75
Jayden Daniels,QB,passing_yards,224.5,0.45499999999999996,0.197,176.03205066174775,137.75
Jayden Daniels,QB,rushing_yards,39.5,0.45999999999999996,0.05818653423522608,19.606016733770176,33.25
Caleb Williams,QB,attempts,30.5,0.525,0.6267340104340134,35.94266729952396,38.0
Caleb Williams,QB,completions,19.5,0.485,0.5875363470135397,22.35272774325127,22.0
Caleb Williams,QB,passing_tds,1.5,0.54,0.5017940249870313,1.7451719532404368,2.0
Caleb Williams,QB,passing_yards,224.5,0.535,0.58,265.17598606925014,274.75
Caleb Williams,QB,rushing_yards,24.5,0.47000000000000003,0.3401598110589039,21.63600780828016,31.5
Rome Odunze,WR,receiving_yards,39.5,0.495,0.3407953911192093,37.097869739359986,37.0
Rome Odunze,WR,receptions,2.5,0.535,0.39,2.646,2.0
Ashton Jeanty,RB,carries,16.5,0.525,0.7258385163425204,23.723956277499504,22.25
Ashton Jeanty,RB,receiving_yards,24.5,0.525,0.29188725741212124,19.94416970581521,31.25
Ashton Jeanty,RB,receptions,3.5,0.585,0.29987188226977357,2.751023574184436,3.0
Ashton Jeanty,RB,rushing_yards,59.5,0.525,0.5903459771285287,100.40221920696678,94.25
Tetairoa McMillan,WR,receiving_yards,59.5,0.48,0.29816932170199284,49.08244865122903,61.5
Tetairoa McMillan,WR,receptions,4.5,0.475,0.134,2.976,3.75
Colston Loveland,TE,receiving_yards,49.5,0.46499999999999997,0.4970022656075831,71.1315736623919,71.0
Colston Loveland,TE,receptions,4.5,0.445,0.564,5.814,5.5
Tyler Warren,TE,receiving_yards,39.5,0.5,0.379529508337893,40.53500553588936,28.0
Emeka Egbuka,WR,receiving_yards,49.5,0.495,0.19431922382098166,33.5336650120026,32.75
Emeka Egbuka,WR,receptions,3.5,0.555,0.168,2.37,2.5
Pat Bryant,WR,receptions,3.5,0.4,0.201,2.728,3.0
Jaylin Noel,WR,receiving_yards,24.5,0.465,0.10100555713960291,19.324453469873355,16.5
Jaylin Noel,WR,receptions,2.5,0.505,0.117,1.407,0.75
Kyle Monangai,RB,rushing_yards,39.5,0.45,0.3522840855019823,30.92062060227905,44.25
Jacory Croskey-Merritt,RB,carries,13.5,0.485,0.22583912569392553,10.283292637428556,12.0
Jacory Croskey-Merritt,RB,rushing_yards,49.5,0.51,0.39771791271588186,44.51288414280273,55.5
Woody Marks,RB,receptions,1.5,0.46499999999999997,0.4956649398888412,1.664549388206189,1.25
Woody Marks,RB,rushing_yards,24.5,0.49,0.831094982409053,39.979445572484074,54.75
Gunnar Helm,TE,receiving_yards,24.5,0.45499999999999996,0.4464404062630777,27.054822931966747,21.75
Gunnar Helm,TE,receptions,2.5,0.59,0.402,2.636,2.75
Harold Fannin Jr.,TE,receiving_yards,24.5,0.605,0.6281212074377913,52.58340377031949,33.25
Harold Fannin Jr.,TE,receptions,3.5,0.55,0.564,4.528,3.75
Omarion Hampton,RB,carries,16.5,0.475,0.09997269289063676,10.264898652580499,10.75
Omarion Hampton,RB,receiving_yards,14.5,0.33499999999999996,0.365716539833568,13.341790774894978,10.25
Omarion Hampton,RB,receptions,1.5,0.575,0.5291331855209233,1.7731716686839079,2.25
Omarion Hampton,RB,rushing_yards,59.5,0.525,0.2138681887273418,42.11199602707045,39.0
Matthew Golden,WR,receiving_yards,49.5,0.495,0.3376608019558619,41.51638193468516,49.75
Matthew Golden,WR,receptions,3.5,0.565,0.339,3.117,3.0
Isaac TeSlaa,WR,receiving_yards,14.5,0.535,0.8309665126298138,25.364397492307134,29.75
Isaac TeSlaa,WR,receptions,1.5,0.495,0.446,1.966,2.0
Cam Ward,QB,attempts,32.5,0.48,0.415615601151736,31.276644303561792,25.75
Cam Ward,QB,completions,18.5,0.49,0.524703777039755,19.833086800810623,16.0
Cam Ward,QB,passing_tds,0.5,0.615,0.724562154553126,1.2893932822055458,1.25
Cam Ward,QB,passing_yards,174.5,0.565,0.609,212.0453453612521,167.75
Cam Ward,QB,rushing_yards,9.5,0.5549999999999999,0.6313989019705801,13.067406867264834,12.75
Jaxson Dart,QB,passing_tds,1.5,0.33,0.3626396188740966,1.2703572212255327,1.25
Jaxson Dart,QB,passing_yards,199.5,0.585,0.522,219.83600896869578,175.0
Jaxson Dart,QB,rushing_yards,29.5,0.51,0.295960356566286,24.348854687454654,35.25
Cam Skattebo,RB,rushing_yards,49.5,0.505,0.5099664152417919,45.60475462553417,62.75
Bhayshul Tuten,RB,carries,11.5,0.535,0.15537470767382708,7.900205638880337,6.25
Bhayshul Tuten,RB,receptions,1.5,0.45499999999999996,0.3726807710277621,1.2985999517680873,0.5
Bhayshul Tuten,RB,rushing_yards,49.5,0.49,0.13762263077283754,33.66095340772462,36.75
TreVeyon Henderson,RB,rushing_yards,29.5,0.5549999999999999,0.21011555545390692,22.48449268047873,19.0
Luther Burden III,WR,receiving_yards,49.5,0.525,0.21504361778108394,35.658808189324304,41.0
Luther Burden III,WR,receptions,4.5,0.44,0.174,3.125,3.5
Mason Taylor,TE,receiving_yards,14.5,0.56,0.8393661848436893,32.06717325453896,22.75
Mason Taylor,TE,receptions,2.5,0.48,0.451,3.023,3.0
Tyler Shough,QB,attempts,34.5,0.52,0.5177970914238127,36.53651967314244,41.75
Tyler Shough,QB,completions,21.5,0.51,0.5773857662525348,24.392388909600026,28.0
Tyler Shough,QB,passing_tds,1.5,0.335,0.4815345390678297,1.657524774998491,1.75
Tyler Shough,QB,passing_yards,224.5,0.555,0.592,267.2518041152848,327.5
Quinshon Judkins,RB,carries,14.5,0.45999999999999996,0.14408781990645958,9.787345118149409,11.5
Quinshon Judkins,RB,rushing_yards,49.5,0.43,0.21974209104547626,36.91261901055605,25.5
Mike Washington Jr.,RB,rushing_yards,19.5,0.49,0.7166814424884176,26.05990096030127,41.0
Jeremiyah Love,RB,carries,9.5,0.515,0.44789190748833324,9.427159225827149,11.0
Jeremiyah Love,RB,receiving_yards,14.5,0.505,0.509048862058987,16.831796836345966,9.0
Jeremiyah Love,RB,receptions,2.5,0.495,0.36526801824931615,2.1552647161592047,2.0
Jeremiyah Love,RB,rushing_yards,29.5,0.575,0.6615132658061446,36.48601220151456,41.0
Kenyon Sadiq,TE,receiving_yards,14.5,0.575,0.7559959701328988,28.410779861478662,21.0
Kenyon Sadiq,TE,receptions,2.5,0.47,0.443,3.013,3.0
Denzel Boston,WR,receiving_yards,24.5,0.535,0.7245307625698091,50.95946037775755,59.0
Denzel Boston,WR,receptions,2.5,0.52,0.389,2.598,2.0
Antonio Williams,WR,receiving_yards,24.5,0.51,0.7267192823307485,41.949585020103534,64.0
Antonio Williams,WR,receptions,2.5,0.44,0.632,3.525000000000001,4.0
Kaelon Black,RB,carries,9.5,0.46499999999999997,0.7828434345161821,15.06924926752837,14.0
Kaelon Black,RB,rushing_yards,29.5,0.64,0.7563656224996976,66.13519820939351,65.0
Carnell Tate,WR,receiving_yards,39.5,0.505,0.4669876797716008,46.451168640953064,38.0
Carnell Tate,WR,receptions,3.5,0.525,0.365,3.463,4.0
Jadarian Price,RB,carries,14.5,0.43999999999999995,0.08435526900445228,8.724866356105412,10.0
Jadarian Price,RB,rushing_yards,59.5,0.43,0.18245142312654128,37.672591903031105,52.0
Caleb Douglas,WR,receiving_yards,39.5,0.48,0.6213215984760971,58.67298823956627,94.0
Caleb Douglas,WR,receptions,2.5,0.59,0.866,4.584,5.0
Chris Bell,WR,receiving_yards,19.5,0.5,0.40064446181676483,26.01095528793127,25.0
Chris Bell,WR,receptions,1.5,0.55,0.44,1.898,1.0
