model,stat,rule,scale,mae,nmae,nbias,slope,corr,nbias_topform
qb,attempts,current(prod),26.502890173410403,9.608963241827821,0.36256284423908686,0.10728306839377,1.3467096652122221,0.3948887994725229,0.020552855583541987
qb,attempts,raw_glm,26.502890173410403,8.984969495931878,0.33901847825435444,0.06150887618185086,0.8660698416771543,0.5219365036525285,0.08742080140459528
qb,attempts,A:shrink->trail,26.502890173410403,9.077090129615613,0.3424943494925847,0.05291286056353218,0.7659341384277935,0.47896456861840037,0.10479239347800358
qb,attempts,B:coldstart,26.502890173410403,8.878117803440002,0.33498677862488996,0.043330534872207616,0.7895754649797974,0.5247181085516222,0.10173790366534594
qb,attempts,B2:coldstart_wide,26.502890173410403,8.875641575095447,0.3348933462358806,0.047020797006949444,0.8055089061124008,0.5253487588319454,0.10173790366534594
qb,attempts,D:blend a=0.75,26.502890173410403,8.874523749774363,0.33485116874830206,0.055322659220698935,0.8731835299153726,0.5268693816839574,0.10889645479572148
qb,carries,current(prod),3.388728323699422,1.9010670174181916,0.5609971752892915,-0.021145723227385508,1.327643774824531,0.4835985330889015,-0.14144139511599024
qb,carries,raw_glm,3.388728323699422,1.8224075499449786,0.5377850851010342,-0.012682754793384998,0.8886304966111427,0.5241650786032404,0.04528745339960828
qb,carries,A:shrink->trail,3.388728323699422,1.8421918057313604,0.5436233388341584,-0.0017131001477951916,0.7965872357891558,0.5103004628321637,0.09354689311169799
qb,carries,B:coldstart,3.388728323699422,1.8177200850396307,0.5364018331971959,-0.017783664428738837,0.8453611792258732,0.5278224896003424,0.07087253879771652
qb,carries,B2:coldstart_wide,3.388728323699422,1.8173501868356,0.536292677735708,-0.010496094368796166,0.8593319265846151,0.5284437563675003,0.07087253879771652
qb,carries,D:blend a=0.75,3.388728323699422,1.8169657313308278,0.5361792264737454,-0.003696207616452089,0.8536844036267799,0.5301028613465032,0.08366508149677032
qb,completions,current(prod),16.960982658959537,6.400967650393426,0.37739367931091855,0.10669238866110273,1.3138539732948462,0.3956116921746894,-0.0034718256006234455
qb,completions,raw_glm,16.960982658959537,5.977278882191319,0.35241347759021835,0.061629601884222014,0.8569563302180959,0.5251992707804307,0.0746363766637657
qb,completions,A:shrink->trail,16.960982658959537,6.11776147807085,0.3606961696195815,0.06097260015320973,0.7709060406665244,0.47769124568343113,0.09330279028671733
qb,completions,B:coldstart,16.960982658959537,5.943412978242769,0.35041678290397854,0.04938974184545397,0.8018323930995752,0.5272904052939292,0.08898773069414219
qb,completions,B2:coldstart_wide,16.960982658959537,5.941880400705987,0.3503264238978055,0.051881794671436096,0.8147188278842755,0.5281810863209944,0.08898773069414219
qb,completions,D:blend a=0.75,16.960982658959537,5.96583115536003,0.35173853280302814,0.059504294014750346,0.860927100671221,0.5256167701275664,0.09616340770933018
qb,interceptions,current(prod),0.5838150289017341,0.6726216225048225,1.1521142642904385,0.13071325055138663,1.5440255507224572,0.14958038209326802,-0.07610888571702491
qb,interceptions,raw_glm,0.5838150289017341,0.65041116598988,1.1140706110519727,0.07994847036753767,1.1176325667478606,0.20307854021795582,-0.08140931984253823
qb,interceptions,A:shrink->trail,0.5838150289017341,0.6762015606714159,1.1582462375856926,0.15967362991890127,0.4060359595932443,0.10526041523404438,0.4362744545819844
qb,interceptions,B:coldstart,0.5838150289017341,0.6522838768564685,1.1172783237244461,0.0628424085177202,0.8000189602050667,0.15668808593964442,0.11214532894891045
qb,interceptions,B2:coldstart_wide,0.5838150289017341,0.654175434381432,1.1205183182969083,0.0949012872021039,1.0337176001791966,0.18427108576319204,0.10741142538374342
qb,interceptions,D:blend a=0.75,0.5838150289017341,0.6569905190178613,1.1253401959414853,0.11034701306791876,0.8816837237337009,0.16810122604705482,0.20182179799688424
qb,passing_tds,current(prod),1.2239884393063585,0.9491231160345452,0.7754347063706083,0.07128763877550913,1.3774019848076653,0.2937980970322186,-0.0074127725242207
qb,passing_tds,raw_glm,1.2239884393063585,0.8971886698872271,0.7330042025524924,0.017263585333457288,0.9650597337984356,0.36861064584560954,0.07670387569592277
qb,passing_tds,A:shrink->trail,1.2239884393063585,0.9359945396873854,0.7647086439948886,0.0682859761593551,0.7982303147764507,0.30347888504333004,0.1909786958853929
qb,passing_tds,B:coldstart,1.2239884393063585,0.9100854060871415,0.7435408512541934,0.028945334632081345,0.8844935350419422,0.3461866644629666,0.1475551621137521
qb,passing_tds,B2:coldstart_wide,1.2239884393063585,0.9067601717337269,0.7408241308615572,0.0343034646792265,0.9209392950178323,0.35562910496723016,0.1475551621137521
qb,passing_tds,D:blend a=0.75,1.2239884393063585,0.9116246006070504,0.7447983749941899,0.044675075922960335,0.8896771704922287,0.34705758102121875,0.18298080532266664
qb,passing_yards,current(prod),185.52890173410404,77.53919731244345,0.41793594737908235,0.12809665450492397,1.28484508433674,0.3969280187647942,0.019732855057936913
qb,passing_yards,raw_glm,185.52890173410404,72.18097142209673,0.3890551323671657,0.07687941679502454,0.812667786681893,0.503589710110736,0.09451761041258966
qb,passing_yards,A:shrink->trail,185.52890173410404,72.84836216428506,0.3926523656604713,0.07013855769432732,0.7976465146804859,0.4812486607379825,0.10832875327092459
qb,passing_yards,B:coldstart,185.52890173410404,71.251915087921,0.3840475226336309,0.06135230205083832,0.7881028101865059,0.5169242563888183,0.11022122369143804
qb,passing_yards,B2:coldstart_wide,185.52890173410404,71.39423122137184,0.38481460599433986,0.06448109175827134,0.8002349277682544,0.5167115182745303,0.11022122369143804
qb,passing_yards,D:blend a=0.75,185.52890173410404,71.60836548314633,0.38596878876464147,0.071410457995572,0.8476024415471692,0.5158571832919755,0.11807303033086235
qb,rushing_tds,current(prod),0.16040462427745664,0.25926501306824773,1.6163188202092562,-0.08543935923950717,1.5392242899733208,0.2252416134256622,-0.3737469312421913
qb,rushing_tds,raw_glm,0.16040462427745664,0.2521903874917019,1.5722139472455652,-0.08043403355028328,0.9780717609679964,0.2549096121312507,-0.2100432563263809
qb,rushing_tds,A:shrink->trail,0.16040462427745664,0.2809872562271488,1.7517403721548377,0.1875913075055631,0.6711268852805533,0.23795375481012973,0.20373261943127355
qb,rushing_tds,B:coldstart,0.16040462427745664,0.2652704344370956,1.6537580236979292,0.04149181978127743,0.8709093204152156,0.2542663361661437,-0.008888380937065676
qb,rushing_tds,B2:coldstart_wide,0.16040462427745664,0.2642750060181184,1.6475522897706119,0.03337510592392334,0.8907140985322834,0.2576261743230427,-0.028390981780481567
qb,rushing_tds,D:blend a=0.75,0.16040462427745664,0.27032011236024805,1.6852388986783033,0.08981950702091147,0.8309328488777425,0.2552690077755884,0.0622096212472778
qb,rushing_yards,current(prod),14.913294797687861,12.769619671744762,0.8562574431053658,-0.03812608985682951,1.1149160326325471,0.3836462301142161,-0.15663297191652187
qb,rushing_yards,raw_glm,14.913294797687861,11.952671441758323,0.8014775811721666,-0.03637530905642181,0.8023955356331215,0.4427172018274826,0.058388055800470164
qb,rushing_yards,A:shrink->trail,14.913294797687861,11.932022595775823,0.8000929880113246,0.014058851500690148,0.7796935632306883,0.45812834461729124,0.14096683996321302
qb,rushing_yards,B:coldstart,14.913294797687861,11.748606707191524,0.7877941706760208,-0.05377504014029121,0.7850377407521839,0.46427859049644804,0.0978832010275195
qb,rushing_yards,B2:coldstart_wide,14.913294797687861,11.825451515539655,0.7929469427086667,-0.038430223053312014,0.791965475001962,0.4604559224409464,0.0978832010275195
qb,rushing_yards,D:blend a=0.75,14.913294797687861,11.879462180392496,0.7965685880650782,-0.006286926856481937,0.80688133588623,0.46150078697732405,0.11763077364104423
rb,carries,current(prod),7.514545454545455,4.1321267289055585,0.5498837892325326,0.05982930911643674,1.1896554471232612,0.6862448264543607,-0.06099087504171624
rb,carries,raw_glm,7.514545454545455,3.66439761698265,0.4876406216647611,0.03536468898555132,0.8585399940031901,0.71745553050634,0.13237029976636075
rb,carries,A:shrink->trail,7.514545454545455,3.674566896132389,0.4889939010096332,0.053837569794093494,0.8978257559301509,0.7218870704849948,0.11390138919280317
rb,carries,B:coldstart,7.514545454545455,3.5670786433310457,0.47468987511059163,0.023268602453398363,0.8611810348082714,0.726942989923083,0.12783402191484122
rb,carries,B2:coldstart_wide,7.514545454545455,3.585737673738246,0.47717293020954155,0.029739485924807456,0.8677368830250034,0.7264149786933024,0.12783402191484122
rb,carries,D:blend a=0.75,7.514545454545455,3.626872999001127,0.48264702382061936,0.044182520584081654,0.8863698060625311,0.726591465459246,0.12556588298908145
rb,receiving_tds,current(prod),0.06424242424242424,0.11546035325933986,1.797260215829347,-0.0379302121950054,1.5099251895307335,0.19117868801676066,-0.0379302121950054
rb,receiving_tds,raw_glm,0.06424242424242424,0.11049756841131393,1.7200093196100754,-0.09562181861909178,1.2346527912958536,0.21228974299624814,-0.09562181861909178
rb,receiving_tds,A:shrink->trail,0.06424242424242424,0.1259759807063287,1.9609468694853054,0.17547942447540377,0.7304778557276922,0.16221780016730242,0.17547942447540377
rb,receiving_tds,B:coldstart,0.06424242424242424,0.1197239247112229,1.863627129938847,0.08009746175474057,0.9795748202259442,0.20420284964707874,0.08009746175474057
rb,receiving_tds,B2:coldstart_wide,0.06424242424242424,0.1181292758637296,1.8388047658033382,0.046769100147798,1.1042329443137655,0.21180788601663306,0.046769100147798
rb,receiving_tds,D:blend a=0.75,0.06424242424242424,0.1219634381502036,1.8984874806399619,0.11945433274448015,0.9895480617238006,0.20663540314238552,0.11945433274448015
rb,receiving_yards,current(prod),10.82969696969697,11.184364172829637,1.0327495038988697,0.18722263820274196,0.9036154572170009,0.43430205891380225,0.017813397715637672
rb,receiving_yards,raw_glm,10.82969696969697,10.429831734509719,0.963076969161175,0.13127366348140584,0.7106344860565176,0.46997964132493475,0.19639962265661365
rb,receiving_yards,A:shrink->trail,10.82969696969697,10.857048312914186,1.0025255871234209,0.17159488717439536,0.7125306401204546,0.4519235828860263,0.24364827292943134
rb,receiving_yards,B:coldstart,10.82969696969697,10.420036722653261,0.9621725106261055,0.09993658335397022,0.7092485318880469,0.4682433400296121,0.22612180873778717
rb,receiving_yards,B2:coldstart_wide,10.82969696969697,10.458099112783241,0.9656871417590435,0.11947036276671481,0.7208388273798487,0.471016917746814,0.2262886539321841
rb,receiving_yards,D:blend a=0.75,10.82969696969697,10.636833942368215,0.9821912812640636,0.15519467910103693,0.7387380950379597,0.46879337586033143,0.24123316956996907
rb,receptions,current(prod),1.4436363636363636,1.2034588220459965,0.8336301664046576,0.14171878872971488,1.0125644472964292,0.5040592434233812,-0.07467972587288858
rb,receptions,raw_glm,1.4436363636363636,1.1111683640374532,0.7697010078345079,0.08191962801092945,0.8039481307319272,0.5523058189001285,0.08590244553994415
rb,receptions,A:shrink->trail,1.4436363636363636,1.1660811004741778,0.8077387975576799,0.13523056222354804,0.7970396013252244,0.5363554489370256,0.13957516395176287
rb,receptions,B:coldstart,1.4436363636363636,1.1232408188088614,0.778063539477171,0.07948686534575447,0.8080382787024785,0.5535439761946749,0.10993730312873921
rb,receptions,B2:coldstart_wide,1.4436363636363636,1.1262131443163002,0.7801224551309384,0.09337102378833997,0.8191301220566226,0.5542311607518214,0.10993730312873921
rb,receptions,D:blend a=0.75,1.4436363636363636,1.1341581696098677,0.7856259361277421,0.10987404097537287,0.830849784066174,0.5546462252203591,0.12195473192313674
rb,rushing_tds,current(prod),0.23636363636363636,0.3613235050398269,1.5286763674761907,0.03366209988801809,1.2896804752894344,0.30848611861715713,-0.11152468143145756
rb,rushing_tds,raw_glm,0.23636363636363636,0.3423421715790991,1.448370725911573,0.0021287388524960137,0.9571399778854788,0.3233383827180494,0.052637612548874654
rb,rushing_tds,A:shrink->trail,0.23636363636363636,0.3742881072919689,1.5835266077737145,0.20052891000994763,0.7889811528117906,0.28953190042991733,0.32681744335921187
rb,rushing_tds,B:coldstart,0.23636363636363636,0.3566893225931607,1.5090702109710645,0.09317767877979291,0.936379180551161,0.31818896684451975,0.20919204614343498
rb,rushing_tds,B2:coldstart_wide,0.23636363636363636,0.356231123319175,1.507131675581125,0.09542697875911421,0.9289124129590439,0.3191802935830639,0.20551591169196318
rb,rushing_tds,D:blend a=0.75,0.23636363636363636,0.36322337329355914,1.5367142716265965,0.1421086070810366,0.8971789390174592,0.31398877750957166,0.2819550612635079
rb,rushing_yards,current(prod),32.53030303030303,22.25299424298788,0.6840696879539824,0.036487548148996025,1.3090675136919034,0.593527419440972,-0.14454368515828858
rb,rushing_yards,raw_glm,32.53030303030303,20.225538639861256,0.6217445506431499,0.007563838870237036,0.9442377093028305,0.6150578651461345,0.013828966688816353
rb,rushing_yards,A:shrink->trail,32.53030303030303,20.680006282154633,0.6357151442115536,0.04258409253850278,0.9139423812020587,0.6089814893000705,0.05867521666742819
rb,rushing_yards,B:coldstart,32.53030303030303,19.90368098606912,0.6118504634748775,-0.0013737065691933172,0.9131395961126614,0.6218157625487923,0.04312454093444139
rb,rushing_yards,B2:coldstart_wide,32.53030303030303,19.971888799444766,0.6139472104160943,0.005732331925465587,0.921824008283387,0.622005033442941,0.04312454093444139
rb,rushing_yards,D:blend a=0.75,32.53030303030303,20.288078946870062,0.6236670752181761,0.029597765688116066,0.9361071219280547,0.6221887886196299,0.0577723280572539
rb,targets,current(prod),1.8533333333333333,1.4479609996060114,0.7812739206507257,0.1654876430087176,0.9948739140123388,0.5316759232710565,-0.038849379653189325
rb,targets,raw_glm,1.8533333333333333,1.315876227727817,0.7100051588459445,0.10218090291020149,0.7877882400190425,0.5782599351166988,0.12963454886872605
rb,targets,A:shrink->trail,1.8533333333333333,1.3628956674726755,0.7353753601471271,0.13255684509716517,0.7900403025480961,0.5655904398771289,0.1514761611449439
rb,targets,B:coldstart,1.8533333333333333,1.313111460169736,0.7085133777894259,0.08930994766485152,0.7938831886309593,0.5820017299330392,0.13954967330865073
rb,targets,B2:coldstart_wide,1.8533333333333333,1.319148391817774,0.7117707150095903,0.10132719498570698,0.8028153047364671,0.5818136257786451,0.13954967330865073
rb,targets,D:blend a=0.75,1.8533333333333333,1.3286892448333543,0.716918657284184,0.115125758903682,0.8170243649416915,0.5816965867273105,0.14450723552861283
wr_te,carries,current(prod),0.1329479768786127,0.22862237695134868,1.7196378788079707,-0.038976104549917276,2.932964222382358,0.2809319063742017,-0.692840311989726
wr_te,carries,raw_glm,0.1329479768786127,0.2196135652361067,1.6518759472107158,-0.06619571356451424,1.4922150515728902,0.31028592146901257,-0.6240039083181069
wr_te,carries,A:shrink->trail,0.1329479768786127,0.23333998795853436,1.755122518122889,0.22873652391929608,1.0433092482276256,0.3953640198104166,-0.2606678949350014
wr_te,carries,B:coldstart,0.1329479768786127,0.22506053759407849,1.6928466523380687,0.12131265221938753,1.5045296958754422,0.4527597480668593,-0.3627033188658956
wr_te,carries,B2:coldstart_wide,0.1329479768786127,0.22549070492971807,1.696082258819184,0.07846397654515654,1.5437480827896928,0.41000457515470734,-0.4409282393942429
wr_te,carries,D:blend a=0.75,0.1329479768786127,0.22858750367471387,1.7193755711185001,0.15031783049321532,1.4425098784770134,0.4335519111319489,-0.35025867836501706
wr_te,receiving_tds,current(prod),0.18497109826589594,0.3052201463332149,1.6500964161139433,0.09422430706032421,1.2348573384431345,0.24637255278123535,-0.17174501184842353
wr_te,receiving_tds,raw_glm,0.18497109826589594,0.2939500992140171,1.58916772387578,0.06736042806953461,0.8914462043762906,0.2557604460162355,-0.026541919758739572
wr_te,receiving_tds,A:shrink->trail,0.18497109826589594,0.3205251354733955,1.7328390136530445,0.26925984031898054,0.7364465975014969,0.22550091139231235,0.3600001004552975
wr_te,receiving_tds,B:coldstart,0.18497109826589594,0.30525403957539116,1.6502796514544584,0.15591873212662355,0.9133423035971221,0.25713950823614085,0.19532386034282834
wr_te,receiving_tds,B2:coldstart_wide,0.18497109826589594,0.3049961791033039,1.6488855932772368,0.158549885212891,0.9133578670447188,0.2603330113996655,0.17981410068414203
wr_te,receiving_tds,D:blend a=0.75,0.18497109826589594,0.31056132810611686,1.6789721800736943,0.20581983405681456,0.8865126345868757,0.2581497669634384,0.282992110905583
wr_te,receiving_yards,current(prod),27.616486554410656,21.263159126522194,0.7699443984168303,0.15091753191421567,0.9439550945163617,0.5111067537665832,-0.016317547158408687
wr_te,receiving_yards,raw_glm,27.616486554410656,20.0861456007419,0.7273244393767361,0.13260115736587288,0.6892816868440536,0.5450916036852514,0.2101260422402346
wr_te,receiving_yards,A:shrink->trail,27.616486554410656,20.22476199269763,0.7323437741745433,0.1286577753074289,0.7413424105202494,0.5485091898135903,0.19419754870303194
wr_te,receiving_yards,B:coldstart,27.616486554410656,19.899534571641304,0.7205672065646284,0.11032976576113654,0.7129467426913367,0.5531871350648684,0.20765682081965506
wr_te,receiving_yards,B2:coldstart_wide,27.616486554410656,19.919382538389662,0.7212859064872,0.11977708914571342,0.716527540755519,0.5539133423870818,0.20882007161968622
wr_te,receiving_yards,D:blend a=0.75,27.616486554410656,20.013484921395662,0.7246933777026494,0.1289817516718125,0.7374949782034869,0.5559579705385362,0.20816708630941216
wr_te,receptions,current(prod),2.3282231716511688,1.5154392434327157,0.6508994764268972,0.11827689808805537,1.0696034097354161,0.5610297278564939,-0.05637168715607354
wr_te,receptions,raw_glm,2.3282231716511688,1.4027849508501393,0.6025130957936856,0.09877302845921594,0.7827372553272766,0.6015612100852944,0.1555362478195859
wr_te,receptions,A:shrink->trail,2.3282231716511688,1.4251594440792537,0.6121232111389626,0.10817655976871209,0.8031293489656206,0.5999121904315733,0.15989132097709163
wr_te,receptions,B:coldstart,2.3282231716511688,1.3908097515200568,0.5973696029035304,0.08957307086160349,0.792996139989801,0.6090690405527414,0.16004397759948405
wr_te,receptions,B2:coldstart_wide,2.3282231716511688,1.3947301259177833,0.5990534511039356,0.09679494234826852,0.7999015595503327,0.6085543958691967,0.16004397759948405
wr_te,receptions,D:blend a=0.75,2.3282231716511688,1.4004120648927931,0.601493912587265,0.10238313903930865,0.8109220384603109,0.6096426581347621,0.16229784248943335
wr_te,rushing_tds,current(prod),0.005277707966825836,0.0105850087041562,2.005607125420834,0.027753710226252313,3.692217600621149,0.14480470566948778,0.027753710226252313
wr_te,rushing_tds,raw_glm,0.005277707966825836,0.010322746483176295,1.955914678883737,0.0010575735528763387,1.6745892817663988,0.1705994345047737,0.0010575735528763387
wr_te,rushing_tds,A:shrink->trail,0.005277707966825836,0.012096701535883816,2.2920369243467476,0.36142496961404946,0.24177320268428473,0.08176908369119841,0.36142496961404946
wr_te,rushing_tds,B:coldstart,0.005277707966825836,0.012065376781838255,2.2861016292825913,0.3333333604089325,0.30864897038924616,0.07172319508859709,0.3333333604089325
wr_te,rushing_tds,B2:coldstart_wide,0.005277707966825836,0.011425120114564041,2.1647882350404912,0.21346064338693355,0.595756876002133,0.10363272577001587,0.21346064338693355
wr_te,rushing_tds,D:blend a=0.75,0.005277707966825836,0.011715488689108265,2.2198061663791324,0.2743523839168642,0.5189103753123067,0.10353190562278759,0.2743523839168642
wr_te,rushing_yards,current(prod),0.6139733601407389,1.271398806785937,2.070771941138454,0.1843292233681307,0.6717346923904484,0.10433032223890097,-0.492968844758459
wr_te,rushing_yards,raw_glm,0.6139733601407389,1.2202189113248725,1.9874134458295816,0.1270984776688603,0.3094960315651911,0.09091807426693271,-0.3813067753811969
wr_te,rushing_yards,A:shrink->trail,0.6139733601407389,1.3523075578487436,2.2025508688825832,0.4982407719113806,0.3071184890583407,0.13670687097584264,0.0709300645146812
wr_te,rushing_yards,B:coldstart,0.6139733601407389,1.2852122297602484,2.0932703488399627,0.33696175286681157,0.3946962977144081,0.13928929059188208,-0.08396151974046823
wr_te,rushing_yards,B2:coldstart_wide,0.6139733601407389,1.2754983609928803,2.0774490292225423,0.2938389037080777,0.3772121199494668,0.12596884165522687,-0.16616375034781367
wr_te,rushing_yards,D:blend a=0.75,0.6139733601407389,1.3051340824604396,2.125717770818702,0.37832262633820835,0.3863530319387145,0.13862143933868956,-0.05859223783112214
wr_te,targets,current(prod),3.5906006534305104,2.0902326399682165,0.5821401046009332,0.13100456260423166,1.05918436759996,0.6077965519866673,-0.031604216843721854
wr_te,targets,raw_glm,3.5906006534305104,1.8954928515225131,0.5279041125644347,0.10261399844937179,0.7892607516702058,0.6582158165412169,0.1699323649104242
wr_te,targets,A:shrink->trail,3.5906006534305104,1.901652714546211,0.5296196648127229,0.09950869331276069,0.8167838735392978,0.6599347581209791,0.15630165794874457
wr_te,targets,B:coldstart,3.5906006534305104,1.8599160867189717,0.5179958080111141,0.08405388154482432,0.7998360720072789,0.6682606647095631,0.1646006627262624
wr_te,targets,B2:coldstart_wide,3.5906006534305104,1.872641456338635,0.521539886244238,0.09228082788658969,0.8062825564133264,0.6665347306632774,0.1646006627262624
wr_te,targets,D:blend a=0.75,3.5906006534305104,1.8774987145889483,0.5228926566353626,0.09729807594775805,0.8213960956113152,0.667454873137788,0.1619348116341816
