model,stat,rule,n,mae,bias,slope,corr,q5_bias
qb,attempts,current(prod),692,9.608963241827821,2.843311379106563,1.3467096652122221,0.3948887994725229,2.454306979693868
qb,attempts,raw_glm,692,8.984969495931878,1.6301629901374923,0.8660698416771543,0.5219365036525285,5.2336578179926185
qb,attempts,trailing_only,692,9.281369728175576,0.974352475296314,0.6318542573625635,0.4552414871357764,5.568014705882355
qb,attempts,A:shrink->trailing,692,9.077090129615613,1.4023437322762717,0.7659341384277935,0.47896456861840037,4.05696528624426
qb,attempts,B:coldstart_style,692,8.878117803440002,1.148384406873248,0.7895754649797974,0.5247181085516222,4.826390510945803
qb,attempts,D:blend a=0.25,692,9.016588311713184,1.1383051040066086,0.7344046592876099,0.4882738743356408,4.735857675219549
qb,attempts,D:blend a=0.50,692,8.883569777497812,1.3022577327168996,0.8230065220203294,0.514205262299362,4.599384311995131
qb,attempts,D:blend a=0.75,692,8.874523749774363,1.4662103614271942,0.8731835299153726,0.5268693816839574,4.588644996908407
qb,carries,current(prod),692,1.9010670174181916,-0.07165711122575003,1.327643774824531,0.4835985330889015,-0.8883374299297522
qb,carries,raw_glm,692,1.8224075499449786,-0.04297841039087835,0.8886304966111427,0.5241650786032404,0.14367525782371882
qb,carries,trailing_only,692,1.8880623467382882,0.07883345741205616,0.6817040960901656,0.5150521648161356,1.1375661375661368
qb,carries,A:shrink->trailing,692,1.8421918057313604,-0.005805230992167232,0.7965872357891558,0.5103004628321637,0.5087089194931442
qb,carries,B:coldstart_style,692,1.8177200850396307,-0.06026400734883319,0.8453611792258732,0.5278224896003424,0.3158040369718851
qb,carries,D:blend a=0.25,692,1.8494122516102607,0.048380490461322534,0.7426964851439556,0.5236097835695687,0.8362984658406925
qb,carries,D:blend a=0.50,692,1.8272161108189566,0.017927523510588905,0.8021295308391672,0.5292190466451925,0.6436658911966644
qb,carries,D:blend a=0.75,692,1.8169657313308278,-0.012525443440144723,0.8536844036267799,0.5301028613465032,0.41157775693927956
qb,completions,current(prod),692,6.400967650393426,1.8096077539239346,1.3138539732948462,0.3956116921746894,1.4002602157963615
qb,completions,raw_glm,692,5.977278882191319,1.0452986088368696,0.8569563302180959,0.5251992707804307,3.423438968910652
qb,completions,trailing_only,692,6.323797230432295,0.9011093691606185,0.635630988627346,0.44957302343817857,3.4172661870503624
qb,completions,A:shrink->trailing,692,6.11776147807085,1.0341552138702639,0.7709060406665244,0.47769124568343113,3.119252824435918
qb,completions,B:coldstart_style,692,5.943412978242769,0.837698554971233,0.8018323930995752,0.5272904052939292,3.3072239338583316
qb,completions,D:blend a=0.25,692,6.126959874380476,0.9371566790796813,0.733114058962652,0.48355767627973,3.310502250658967
qb,completions,D:blend a=0.50,692,6.005641082299838,0.9732039889987476,0.8149761593494167,0.5106198884206724,3.626496753600719
qb,completions,D:blend a=0.75,692,5.96583115536003,1.0092512989178104,0.860927100671221,0.5256167701275664,3.4509242205486252
qb,interceptions,current(prod),692,0.6726216225048225,0.0763123601484974,1.5440255507224572,0.14958038209326802,-0.03766646100917104
qb,interceptions,raw_glm,692,0.65041116598988,0.04667511853827344,1.1176325667478606,0.20307854021795582,-0.004502815360620804
qb,interceptions,trailing_only,692,0.7087754750983204,0.11766362287904797,0.08106989585479889,0.0376655018842103,0.7711111111111112
qb,interceptions,A:shrink->trailing,692,0.6762015606714159,0.09321986486594813,0.4060359595932443,0.10526041523404438,0.20038410242399285
qb,interceptions,B:coldstart_style,692,0.6522838768564685,0.0366883425450274,0.8000189602050667,0.15668808593964442,0.07404027067222974
qb,interceptions,D:blend a=0.25,692,0.6888531330983189,0.09991649679385428,0.174919262129933,0.06252520870540826,0.46802515085461616
qb,interceptions,D:blend a=0.50,692,0.6701345836854371,0.0821693707086607,0.4003748403862561,0.10435592417860125,0.29136937933390383
qb,interceptions,D:blend a=0.75,692,0.6569905190178613,0.06442224462346702,0.8816837237337009,0.16810122604705482,0.09728072357129935
qb,passing_tds,current(prod),692,0.9491231160345452,0.08725524572667087,1.3774019848076653,0.2937980970322186,-0.04317328808866305
qb,passing_tds,raw_glm,692,0.8971886698872271,0.021130428869130524,0.9650597337984356,0.36861064584560954,0.16510858505385362
qb,passing_tds,trailing_only,692,0.9993685305784296,0.1553358192119576,0.4193656188502568,0.22354387965376188,0.8445121951219512
qb,passing_tds,A:shrink->trailing,692,0.9359945396873854,0.08358124538580025,0.7982303147764507,0.30347888504333004,0.2288801434111578
qb,passing_tds,B:coldstart_style,692,0.9100854060871415,0.035428754961521536,0.8844935350419422,0.3461866644629666,0.20689190648701716
qb,passing_tds,D:blend a=0.25,692,0.9633206275293064,0.12178447162625083,0.562894481620218,0.26480004448675354,0.4881055223940238
qb,passing_tds,D:blend a=0.50,692,0.9331454963089373,0.08823312404054406,0.7330497239543343,0.30867381158604856,0.35260915262336057
qb,passing_tds,D:blend a=0.75,692,0.9116246006070504,0.054681776454837294,0.8896771704922287,0.34705758102121875,0.21525670089724924
qb,passing_yards,current(prod),692,77.53919731244345,23.765631626111514,1.28484508433674,0.3969280187647942,21.617250391127698
qb,passing_yards,raw_glm,692,72.18097142209673,14.263353763939335,0.812667786681893,0.503589710110736,47.51553762402119
qb,passing_yards,trailing_only,692,74.86228656901255,10.20475408517322,0.6615052053868674,0.4598246111384614,44.37410071942449
qb,passing_yards,A:shrink->trailing,692,72.84836216428506,13.012729578242642,0.7976465146804859,0.4812486607379825,35.39435316377808
qb,passing_yards,B:coldstart_style,692,71.251915087921,11.382625218351052,0.7881028101865059,0.5169242563888183,44.11672552846676
qb,passing_yards,D:blend a=0.25,692,72.9251661475544,11.219404004864742,0.7565243643394837,0.49028361119914904,44.84343625573274
qb,passing_yards,D:blend a=0.50,692,71.86665568945827,12.234053924556292,0.8259517238142752,0.5107588267068528,43.28387015612006
qb,passing_yards,D:blend a=0.75,692,71.60836548314633,13.248703844247842,0.8476024415471692,0.5158571832919755,42.269789234408336
qb,rushing_tds,current(prod),692,0.25926501306824773,-0.01370486831731979,1.5392242899733208,0.2252416134256622,-0.11122326307946792
qb,rushing_tds,raw_glm,692,0.2521903874917019,-0.012901990930753532,0.9780717609679964,0.2549096121312507,-0.06068441159225635
qb,rushing_tds,trailing_only,692,0.3254318303184875,0.09633582989816344,0.4170861005919878,0.21841323071282123,0.3296130952380951
qb,rushing_tds,A:shrink->trailing,692,0.2809872562271488,0.03009051319814668,0.6711268852805533,0.23795375481012973,0.09331077220788675
qb,rushing_tds,B:coldstart_style,692,0.2652704344370956,0.00665547976260375,0.8709093204152156,0.2542663361661437,-0.01958859703070709
qb,rushing_tds,D:blend a=0.25,692,0.30662148052872673,0.06902637469093417,0.5183633171735752,0.23038103911658672,0.19697264968758
qb,rushing_tds,D:blend a=0.50,692,0.2884498372287942,0.041716919483704956,0.657126750510489,0.24373730781077185,0.10893384332817291
qb,rushing_tds,D:blend a=0.75,692,0.27032011236024805,0.014407464276475684,0.8309328488777425,0.2552690077755884,0.0157169991187342
qb,rushing_yards,current(prod),692,12.769619671744762,-0.5685856175180355,1.1149160326325471,0.3836462301142161,-2.8664695440456995
qb,rushing_yards,raw_glm,692,11.952671441758323,-0.5424757073154236,0.8023955356331215,0.4427172018274826,2.398706889249592
qb,rushing_yards,trailing_only,692,12.259837450194116,1.252391947617408,0.6633965696371105,0.462924249035753,8.259191176470583
qb,rushing_yards,A:shrink->trailing,692,11.932022595775823,0.20966379694670856,0.7796935632306883,0.45812834461729124,3.4764265384276456
qb,rushing_yards,B:coldstart_style,692,11.748606707191524,-0.8019630263696609,0.7850377407521839,0.46427859049644804,3.255609966156463
qb,rushing_yards,D:blend a=0.25,692,12.015880207457737,0.8036750338841987,0.7250172056227376,0.4689644479219597,6.037426730686622
qb,rushing_yards,D:blend a=0.50,692,11.89134207345642,0.35495812015099126,0.7768589165404834,0.4694207580903559,5.226034120319863
qb,rushing_yards,D:blend a=0.75,692,11.879462180392496,-0.09375879358221617,0.80688133588623,0.46150078697732405,3.8141212069560133
rb,carries,current(prod),1650,4.1321267289055585,0.44959006286951464,1.1896554471232612,0.6862448264543607,-0.717873593025109
rb,carries,raw_glm,1650,3.66439761698265,0.2657495628677884,0.8585399940031901,0.71745553050634,2.0222978020978655
rb,carries,trailing_only,1650,3.744625576149848,0.5307975482985183,0.8592723033449187,0.7082636645308169,1.6190851735015777
rb,carries,A:shrink->trailing,1650,3.674566896132389,0.40456486537997893,0.8978257559301509,0.7218870704849948,1.6935460087618353
rb,carries,B:coldstart_style,1650,3.5670786433310457,0.17485297079980988,0.8611810348082714,0.726942989923083,1.8664539264765505
rb,carries,D:blend a=0.25,1650,3.6644552716649907,0.46453555194083584,0.8871430870834833,0.7220831268840379,1.6454002510150652
rb,carries,D:blend a=0.50,1650,3.626788320666382,0.39827355558315425,0.896443711319578,0.7282876014503448,1.6981444696282466
rb,carries,D:blend a=0.75,1650,3.626872999001127,0.33201155922547176,0.8863698060625311,0.726591465459246,1.8452620565167752
rb,receiving_tds,current(prod),1650,0.11546035325933986,-0.0024367287834367105,1.5099251895307335,0.19117868801676066,-0.04623436169496917
rb,receiving_tds,raw_glm,1650,0.11049756841131393,-0.006142977438559835,1.2346527912958536,0.21228974299624814,-0.04511155586405806
rb,receiving_tds,trailing_only,1650,0.15636104736687262,0.049125076002745904,0.33202183016935694,0.1447335170074282,0.049125076002745904
rb,receiving_tds,A:shrink->trailing,1650,0.1259759807063287,0.011273223632965332,0.7304778557276922,0.16221780016730242,-0.014712839283617524
rb,receiving_tds,B:coldstart_style,1650,0.1197239247112229,0.005145655118789394,0.9795748202259442,0.20420284964707874,-0.03309331431416601
rb,receiving_tds,D:blend a=0.25,1650,0.14489517762798293,0.035308062642419494,0.4558048169106631,0.1603979657815557,0.10501932477626477
rb,receiving_tds,D:blend a=0.50,1650,0.13342930788909327,0.021491049282093055,0.6637062837558263,0.18179756441909886,0.05542827395186278
rb,receiving_tds,D:blend a=0.75,1650,0.1219634381502036,0.007674035921766603,0.9895480617238006,0.20663540314238552,-0.02341592182694685
rb,receiving_yards,current(prod),1650,11.184364172829637,2.0275644376029067,0.9036154572170009,0.43430205891380225,-0.12927805858340236
rb,receiving_yards,raw_glm,1650,10.429831734509719,1.4216539956056007,0.7106344860565176,0.46997964132493475,3.537211185821736
rb,receiving_yards,trailing_only,1650,11.758806374423852,2.4578833970775715,0.6077846984810598,0.39560200113124866,8.300405268490369
rb,receiving_yards,A:shrink->trailing,1650,10.857048312914186,1.858320629648043,0.7125306401204546,0.4519235828860263,5.172047407941651
rb,receiving_yards,B:coldstart_style,1650,10.420036722653261,1.08228291391036,0.7092485318880469,0.4682433400296121,4.227822686375482
rb,receiving_yards,D:blend a=0.25,1650,11.310386628720867,2.198826046709577,0.6841858744639848,0.43045947145014785,7.2408550865907735
rb,receiving_yards,D:blend a=0.50,1650,10.93358332095269,1.939768696341586,0.7307644705930464,0.45568915338866,5.657119820244329
rb,receiving_yards,D:blend a=0.75,1650,10.636833942368215,1.6807113459735934,0.7387380950379597,0.46879337586033143,4.27601816513295
rb,receptions,current(prod),1650,1.2034588220459965,0.20459039682071567,1.0125644472964292,0.5040592434233812,-0.14237598451735378
rb,receptions,raw_glm,1650,1.1111683640374532,0.11826215389214179,0.8039481307319272,0.5523058189001285,0.23028296141614257
rb,receptions,trailing_only,1650,1.2559923506913797,0.2796861822104544,0.7114522284196795,0.49381973977038185,0.7079180509413074
rb,receptions,A:shrink->trailing,1650,1.1660811004741778,0.1952237571009039,0.7970396013252244,0.5363554489370256,0.39475148201247157
rb,receptions,B:coldstart_style,1650,1.1232408188088614,0.11475012924459826,0.8080382787024785,0.5535439761946749,0.2761206345257561
rb,receptions,D:blend a=0.25,1650,1.211937453041184,0.23933017513087607,0.781103650930051,0.5243016745976576,0.538745222251892
rb,receptions,D:blend a=0.50,1650,1.1697627376071633,0.19897416805129797,0.8234635331896755,0.5452969185779883,0.41476790428396004
rb,receptions,D:blend a=0.75,1650,1.1341581696098677,0.1586181609717201,0.830849784066174,0.5546462252203591,0.31069810045550694
rb,rushing_tds,current(prod),1650,0.3613235050398269,0.007956496337167912,1.2896804752894344,0.30848611861715713,-0.023547829627953543
rb,rushing_tds,raw_glm,1650,0.3423421715790991,0.0005031564560445123,0.9571399778854788,0.3233383827180494,0.037603972736930724
rb,rushing_tds,trailing_only,1650,0.431217907227616,0.13284775914484656,0.4763629460512756,0.2308406764468382,0.4574235807860262
rb,rushing_tds,A:shrink->trailing,1650,0.3742881072919689,0.04739774236598762,0.7889811528117906,0.28953190042991733,0.1487490633739359
rb,rushing_tds,B:coldstart_style,1650,0.3566893225931607,0.022023814984314688,0.936379180551161,0.31818896684451975,0.07709973371389889
rb,rushing_tds,D:blend a=0.25,1650,0.4079898913945531,0.09976160847264606,0.6082244360199497,0.2600718461077476,0.2605954806937108
rb,rushing_tds,D:blend a=0.50,1650,0.38503959375311875,0.06667545780044551,0.760362325323826,0.2899226506924693,0.18459023367500765
rb,rushing_tds,D:blend a=0.75,1650,0.36322337329355914,0.03358930712824501,0.8971789390174592,0.31398877750957166,0.10248668190180987
rb,rushing_yards,current(prod),1650,22.25299424298788,1.1869509981196131,1.3090675136919034,0.593527419440972,-7.29563462864207
rb,rushing_yards,raw_glm,1650,20.225538639861256,0.2460539705211957,0.9442377093028305,0.6150578651461345,3.4299762250638395
rb,rushing_yards,trailing_only,1650,21.691471020888496,3.113135235853683,0.7681018558144665,0.5893878265507433,12.876778455284537
rb,rushing_yards,A:shrink->trailing,1650,20.680006282154633,1.3852734345479618,0.9139423812020587,0.6089814893000705,5.499752980749278
rb,rushing_yards,B:coldstart_style,1650,19.90368098606912,-0.04468709097057655,0.9131395961126614,0.6218157625487923,4.8066581409030675
rb,rushing_yards,D:blend a=0.25,1650,21.03522115009349,2.3963649195205576,0.8384283963837097,0.6069299265541639,9.158006465395204
rb,rushing_yards,D:blend a=0.50,1650,20.577259270427916,1.6795946031874394,0.8977673011927465,0.6187480526933635,7.179114526216793
rb,rushing_yards,D:blend a=0.75,1650,20.288078946870062,0.9628242868543211,0.9361071219280547,0.6221887886196299,4.710509584593225
rb,targets,current(prod),1650,1.4479609996060114,0.30670376504282326,0.9948739140123388,0.5316759232710565,-0.13500431720056216
rb,targets,raw_glm,1650,1.315876227727817,0.1893752733935734,0.7877882400190425,0.5782599351166988,0.37132547083743406
rb,targets,trailing_only,1650,1.4404217318819263,0.28533980582524276,0.7453176290232193,0.5344359283309806,0.751173708920188
rb,targets,A:shrink->trailing,1650,1.3628956674726755,0.24567201958007945,0.7900403025480961,0.5655904398771289,0.5252850297507821
rb,targets,B:coldstart_style,1650,1.313111460169736,0.1655211030055248,0.7938831886309593,0.5820017299330392,0.4027939292729892
rb,targets,D:blend a=0.25,1650,1.3967382903048595,0.26134867271732554,0.7956760613131018,0.5595742148062501,0.5978080773076662
rb,targets,D:blend a=0.50,1650,1.358376290099982,0.2373575396094083,0.8205420415511887,0.5756459872297135,0.513653304351473
rb,targets,D:blend a=0.75,1650,1.3286892448333543,0.21336640650149064,0.8170243649416915,0.5816965867273105,0.4344512198742607
wr_te,carries,current(prod),3979,0.22862237695134868,-0.005181794246520793,2.932964222382358,0.2809319063742017,-0.16350734725375718
wr_te,carries,raw_glm,3979,0.2196135652361067,-0.00880058619643831,1.4922150515728902,0.31028592146901257,-0.15161056716137597
wr_te,carries,trailing_only,3979,0.26654037777644213,0.1063395644007358,0.709969598428281,0.48231850853178343,0.28754385964912277
wr_te,carries,A:shrink->trailing,3979,0.23333998795853436,0.030410058093316816,1.0433092482276256,0.3953640198104166,-0.0850756892038832
wr_te,carries,B:coldstart_style,3979,0.22506053759407849,0.016128271682346318,1.5045296958754422,0.4527597480668593,-0.1196576167547806
wr_te,carries,D:blend a=0.25,3979,0.2513944749124049,0.07755452675144225,0.874462355999068,0.4785416288243882,0.06400041722409455
wr_te,carries,D:blend a=0.50,3979,0.23863016149437435,0.048769489102148705,1.1157779524485876,0.46775499118952146,-0.04624478273292948
wr_te,carries,D:blend a=0.75,3979,0.22858750367471387,0.019984451452855212,1.4425098784770134,0.4335519111319489,-0.12231757374531277
wr_te,receiving_tds,current(prod),3979,0.3052201463332149,0.017428773560291183,1.2348573384431345,0.24637255278123535,-0.05267586858509993
wr_te,receiving_tds,raw_glm,3979,0.2939500992140171,0.012459732359682701,0.8914462043762906,0.2557604460162355,0.02101869600217332
wr_te,receiving_tds,trailing_only,3979,0.362154250771358,0.11490368592252584,0.41405705170051565,0.1826292537002838,0.47716894977168955
wr_te,receiving_tds,A:shrink->trailing,3979,0.3205251354733955,0.049805288382701596,0.7364465975014969,0.22550091139231235,0.07178122749497984
wr_te,receiving_tds,B:coldstart_style,3979,0.30525403957539116,0.02884045912168759,0.9133423035971221,0.25713950823614085,0.025658384718763694
wr_te,receiving_tds,D:blend a=0.25,3979,0.344497520076478,0.08929269753181499,0.5589297620039412,0.20981165384579192,0.2286872608362388
wr_te,receiving_tds,D:blend a=0.50,3979,0.3272700075766304,0.06368170914110421,0.7377312026221524,0.2382858075753076,0.12320539040433398
wr_te,receiving_tds,D:blend a=0.75,3979,0.31056132810611686,0.038070720750393444,0.8865126345868757,0.2581497669634384,0.049294242225915885
wr_te,receiving_yards,current(prod),3979,21.263159126522194,4.167811990933778,0.9439550945163617,0.5111067537665832,1.6886908781249943
wr_te,receiving_yards,raw_glm,3979,20.0861456007419,3.6619780794939203,0.6892816868440536,0.5450916036852514,14.745362315932276
wr_te,receiving_yards,trailing_only,3979,20.951358178354916,3.2621570047540125,0.7170522149024381,0.5242127521303515,11.471060414026205
wr_te,receiving_yards,A:shrink->trailing,3979,20.22476199269763,3.553075721897997,0.7413424105202494,0.5485091898135903,11.512120292156311
wr_te,receiving_yards,B:coldstart_style,3979,19.899534571641304,3.0469204926937046,0.7129467426913367,0.5531871350648684,12.968175102436497
wr_te,receiving_yards,D:blend a=0.25,3979,20.457726948804268,3.362112273438985,0.7558816569836987,0.5465512533020775,11.466710874973451
wr_te,receiving_yards,D:blend a=0.50,3979,20.147503488620465,3.462067542123961,0.7623123403142413,0.5571131033696554,11.113381859945285
wr_te,receiving_yards,D:blend a=0.75,3979,20.013484921395662,3.5620228108089442,0.7374949782034869,0.5559579705385362,12.506674883029248
wr_te,receptions,current(prod),3979,1.5154392434327157,0.27537501479963433,1.0696034097354161,0.5610297278564939,-0.07839106030889109
wr_te,receptions,raw_glm,3979,1.4027849508501393,0.22996565359290688,0.7827372553272766,0.6015612100852944,0.8043053074724043
wr_te,receptions,trailing_only,3979,1.4758786814612943,0.26358622601208603,0.7585626876274155,0.5818662052720917,0.8516371077762619
wr_te,receptions,A:shrink->trailing,3979,1.4251594440792537,0.2518591730830231,0.8031293489656206,0.5999121904315733,0.7377967405161341
wr_te,receptions,B:coldstart_style,3979,1.3908097515200568,0.20854609913593736,0.792996139989801,0.6090690405527414,0.7631059860441907
wr_te,receptions,D:blend a=0.25,3979,1.4403313297971558,0.25518108290729113,0.7983698370456551,0.5996059581496436,0.7503581847101257
wr_te,receptions,D:blend a=0.50,3979,1.41467732958545,0.24677593980249624,0.816654349654015,0.6091193359109317,0.7442234848890168
wr_te,receptions,D:blend a=0.75,3979,1.4004120648927931,0.23837079669770178,0.8109220384603109,0.6096426581347621,0.7487244408801867
wr_te,rushing_tds,current(prod),3979,0.0105850087041562,0.0001464759775700675,3.692217600621149,0.14480470566948778,-0.004165109451065088
wr_te,rushing_tds,raw_glm,3979,0.010322746483176295,5.5815643655197575e-06,1.6745892817663988,0.1705994345047737,-0.003349640397083206
wr_te,rushing_tds,trailing_only,3979,0.015893715306904182,0.005775062356166226,0.09143900017219028,0.05279800646231508,0.005775062356166226
wr_te,rushing_tds,A:shrink->trailing,3979,0.012096701535883816,0.0019074954415418547,0.24177320268428473,0.08176908369119841,0.004623114956664847
wr_te,rushing_tds,B:coldstart_style,3979,0.012065376781838255,0.001759236131839051,0.30864897038924616,0.07172319508859709,0.004088545577754614
wr_te,rushing_tds,D:blend a=0.25,3979,0.014500973100972208,0.004332692158216047,0.13515575055469115,0.06064271414862142,0.012394549182940088
wr_te,rushing_tds,D:blend a=0.50,3979,0.013108230895040235,0.0028903219602658715,0.23133841682152934,0.07440856364919238,0.007138747416857331
wr_te,rushing_tds,D:blend a=0.75,3979,0.011715488689108265,0.0014479517623156943,0.5189103753123067,0.10353190562278759,0.0018829456507745805
wr_te,rushing_yards,current(prod),3979,1.271398806785937,0.11317323264346402,0.6717346923904484,0.10433032223890097,-0.5523329600360118
wr_te,rushing_yards,raw_glm,3979,1.2202189113248725,0.07803507940312282,0.3094960315651911,0.09091807426693271,-0.3816952091238841
wr_te,rushing_yards,trailing_only,3979,1.6195292730447994,0.6950148182311873,0.28193128972345355,0.18302894443941173,2.014423076923077
wr_te,rushing_yards,A:shrink->trailing,3979,1.3523075578487436,0.3059065608895458,0.3071184890583407,0.13670687097584264,0.17173263047590215
wr_te,rushing_yards,B:coldstart_style,3979,1.2852122297602484,0.20688553964654954,0.3946962977144081,0.13928929059188208,-0.0951970619043021
wr_te,rushing_yards,D:blend a=0.25,3979,1.5062057579883428,0.5407698835241712,0.3232834660877131,0.17597850929971373,1.0797569105963714
wr_te,rushing_yards,D:blend a=0.50,3979,1.3990108845400204,0.38652494881715516,0.3661323566929678,0.1632226597758152,0.4832998202004859
wr_te,rushing_yards,D:blend a=0.75,3979,1.3051340824604396,0.232280014110139,0.3863530319387145,0.13862143933868956,-0.020087676719970693
wr_te,targets,current(prod),3979,2.0902326399682165,0.4703850680891324,1.05918436759996,0.6077965519866673,-0.09069507809818678
wr_te,targets,raw_glm,3979,1.8954928515225131,0.36844588988343174,0.7892607516702058,0.6582158165412169,1.1964518642808661
wr_te,targets,trailing_only,3979,1.9308345367758828,0.29209647065190847,0.8031505355879307,0.6479069107811856,0.9787581699346415
wr_te,targets,A:shrink->trailing,3979,1.901652714546211,0.3572959792308148,0.8167838735392978,0.6599347581209791,1.1219356934218476
wr_te,targets,B:coldstart_style,3979,1.8599160867189717,0.30180392199821693,0.7998360720072789,0.6682606647095631,1.1201683256353148
wr_te,targets,D:blend a=0.25,3979,1.8963692669239907,0.3111838254597892,0.8296071897189529,0.6626141124931324,0.9926049494579416
wr_te,targets,D:blend a=0.50,3979,1.8774401076582408,0.33027118026767033,0.8357401092610638,0.6691707219128266,1.0112443254865395
wr_te,targets,D:blend a=0.75,3979,1.8774987145889483,0.3493585350755515,0.8213960956113152,0.667454873137788,1.0993855295134551
