alpha,c,k,clamp,nmae,tf_bias,tf_early,slope_err,obj
0.0,1,1.0,None-None,0.9621225875967532,0.13480404769641216,0.16630296155608268,0.20230363282672403,1.0789750802988975
0.0,2,1.0,None-None,0.9571723374829673,0.13528229810144932,0.17871545853130605,0.18257029680353376,1.0803506412739827
0.0,4,2.0,None-None,0.9602577409688379,0.13430575295156705,0.17404327975536982,0.1973620174033724,1.0808558190844146
0.0,8,4.0,None-None,0.9634057654071139,0.13755340847474284,0.1714131789845097,0.2306456788572337,1.0835007070180542
0.0,8,2.0,None-None,0.954609041327733,0.13478827449561523,0.19679321892923768,0.17183827283005285,1.0867027194162557
0.0,2,2.0,None-None,0.967128354240159,0.1384541709920945,0.17128547964366428,0.24370866086126355,1.0873846368100148
0.0,4,1.0,None-None,0.9530537468601374,0.13761516887455902,0.20137098900137368,0.17188193757708367,1.088143033579464
0.25,1,1.0,None-None,0.9643055847823085,0.1238007313394732,0.20407923449086482,0.17034421310378783,1.0972953848626092
0.0,8,1.0,None-None,0.9500733134086322,0.141934080534966,0.2253195875903897,0.18543618022814812,1.0982166273375686
0.25,4,2.0,None-None,0.9630136514044508,0.12053855564692341,0.21084458748958948,0.16465104758311347,1.0985705840609765
0.25,8,4.0,None-None,0.9666231198946686,0.11384868462996933,0.2083466299412076,0.16739632324296172,1.099258606022765
0.25,2,2.0,None-None,0.9698438469636792,0.11482742625062917,0.2020469735501741,0.17560089916518298,1.0995741903014236
0.25,2,1.0,None-None,0.9593668125224855,0.12807442486052664,0.21651182351918574,0.16413668319921465,1.0996413304972101
0.0,1,1.0,0.25-2.5,0.9663946419669657,0.10167125877543097,0.2185503353331268,0.186289777696995,1.1010876243273868
0.0,4,4.0,None-None,0.9728763521874014,0.16034555204820206,0.17812756305520494,0.3271185975337329,1.1020265217270544
0.0,4,2.0,0.25-2.5,0.9647426389684189,0.1021189449736748,0.22651708798172382,0.18621223739908005,1.1035309192026994
0.25,8,2.0,None-None,0.9569570600659355,0.1280280531240186,0.22930206397863256,0.1646401713602693,1.1036151053362564
0.0,2,1.0,0.25-2.5,0.9623406600712165,0.10441116974934976,0.23037299043112994,0.18252875481897848,1.103629947724119
0.0,1,2.0,None-None,0.9739334858047403,0.1491278267893288,0.18655664956476523,0.2831102615397667,1.104493767284455
0.25,4,1.0,None-None,0.9549463740480086,0.1339768125839778,0.23251220679114104,0.17303548150271245,1.1046966805895735
0.25,4,4.0,None-None,0.9759851317833665,0.11175392186399047,0.20282022683807527,0.2056837921198575,1.105333725668402
0.0,8,4.0,0.25-2.5,0.9671856923858051,0.10416554143115721,0.224464999841455,0.19595820498198613,1.105459577664322
0.0,2,2.0,0.25-2.5,0.9703057849103142,0.10333031611378711,0.2248981513553009,0.19820606380989603,1.1085874396164115
0.25,1,2.0,None-None,0.9763073251410074,0.11324302727867411,0.20935492973805817,0.1920479680836511,1.109295546829705
0.0,8,2.0,0.25-2.5,0.9601395363296755,0.10527050806922554,0.2479001344928342,0.1819459637009942,1.1104072305933992
0.25,8,1.0,None-None,0.9515102756609249,0.14115100719793647,0.24736500572391762,0.18941953861782676,1.110480530322368
0.25,1,1.0,0.25-2.5,0.9675824446426408,0.10727219947884264,0.2354372585316609,0.1717867464802816,1.1121191237781818
0.0,4,1.0,0.25-2.5,0.9589401787857033,0.10890405901723212,0.2520810864941776,0.18604196232283254,1.1122067367871
0.25,2,2.0,0.25-2.5,0.9717121289320894,0.10166911840057793,0.23117755994208974,0.16753620316160658,1.1127181885032786
0.25,8,4.0,0.25-2.5,0.9687753763644931,0.10197817834121368,0.24174013205720551,0.1681073560111342,1.1151399869783993
0.25,4,2.0,0.25-2.5,0.9661423144788777,0.10593171098297462,0.24531584800885023,0.17113507580625786,1.1152831662290466
0.0,0,1.0,None-None,0.9779927184391497,0.1404689010818862,0.20743582026616625,0.21646930908419915,1.1168278538427043
0.25,4,4.0,0.25-2.5,0.976324878142977,0.10197790510116764,0.2302861226764988,0.17343692705152877,1.1169624157565183
0.25,0,1.0,None-None,0.9787405419667998,0.11668456169636449,0.2184732859899577,0.18751790949485886,1.1171483253858698
0.25,2,1.0,0.25-2.5,0.9634823358842458,0.11093392343441072,0.25240151133656386,0.17611242309798195,1.1174165724111305
0.25,1,2.0,0.25-2.5,0.9770854369555386,0.10103820716841903,0.2337073262492767,0.16868305534168726,1.1191986518722818
0.0,4,4.0,0.25-2.5,0.974778961424622,0.12286419768332178,0.23250994053136395,0.24719651369545412,1.1217499811111344
0.5,8,1.0,None-None,0.9530358030353567,0.1403679338609069,0.2694104238574455,0.19353548264736622,1.1228329984293064
0.0,8,1.0,0.25-2.5,0.9564955502719076,0.11560916280060737,0.2761655904386196,0.19928788970566283,1.1234806361913694
0.25,8,2.0,0.25-2.5,0.9613343440917256,0.11166179340173303,0.26885275480534954,0.18007385389068098,1.1236761698448336
0.5,4,1.0,None-None,0.9570519482836367,0.1328078812651835,0.26775666116777014,0.17849029418190385,1.1241322491838175
0.0,1,2.0,0.25-2.5,0.9757483705385085,0.11103728669287065,0.24135873312626452,0.21477483540025258,1.1241870587748584
0.25,0,1.0,0.25-2.5,0.9799448792476722,0.10085269492710869,0.23988694932765767,0.18058060790468292,1.125101527643278
0.5,8,2.0,None-None,0.9596015724858895,0.12751962229646116,0.26735019541677985,0.16986621181862366,1.1251565757683948
0.25,4,1.0,0.25-2.5,0.9599099915311581,0.11598403492360541,0.27275135367142983,0.18820502721989477,1.1252816770977743
0.25,2,4.0,None-None,0.9850035488095117,0.11876409073711919,0.22263017951910904,0.2495576617276366,1.126009661253346
0.5,2,1.0,None-None,0.9619801867769273,0.12711081204489985,0.26685784169901267,0.16264114513590436,1.1271868106376586
0.5,4,2.0,None-None,0.9664304107493479,0.11921404927972284,0.2671000671266736,0.15072031501713706,1.1297839566326153
0.5,1,1.0,None-None,0.9672678161985142,0.12218181618631362,0.2669293272574203,0.15415740399717415,1.1312779338738028
0.0,0,1.0,0.25-2.5,0.9791276798558513,0.10189630812794795,0.25548777320897115,0.19516791067043043,1.1323456434923238
0.5,8,4.0,None-None,0.9707683151583286,0.1124329603843834,0.26725688758714444,0.14312476407778305,1.1325049990479967
0.25,2,4.0,0.25-2.5,0.9836848224604203,0.10905492216400405,0.24313857036913572,0.1926853280987334,1.1325178381859893
0.25,8,1.0,0.25-2.5,0.957231218939437,0.1221748817723274,0.29113293190954576,0.20191709977239497,1.1333414053372917
0.0,2,4.0,None-None,0.9824016703771273,0.1843242268251,0.21272887514740216,0.4254052943347938,1.1348471646571034
0.75,8,1.0,None-None,0.9546458178487367,0.1403398070326669,0.29145584199097335,0.19781181196665357,1.1354586906023902
0.5,2,2.0,None-None,0.9738054075890605,0.11281093864572442,0.2673631549892313,0.1457206036007216,1.1356897197451072
0.0,1,1.0,0.4-1.8,0.9763767943082035,0.12300416724832645,0.2608624374617602,0.17438105834435222,1.1375590548511652
0.5,1,1.0,0.25-2.5,0.9697117393890465,0.11865630190174971,0.27880856666124143,0.16909848341035605,1.1387800981951046
0.5,2,1.0,0.25-2.5,0.965140896549643,0.1219801623016432,0.2869011113772615,0.1790132865264664,1.1390864928136843
0.0,4,2.0,0.4-1.8,0.9746436971179062,0.1230307976800079,0.2683759131058253,0.172478305673178,1.139589353090821
0.5,4,2.0,0.25-2.5,0.9683437873333478,0.11748721118603128,0.283758653333481,0.16807881086421889,1.139594916796596
0.25,0,2.0,None-None,0.989043698932412,0.11559892176091956,0.24380282348628848,0.21625760733262644,1.139844841115786
0.5,2,2.0,0.25-2.5,0.9746389821461972,0.113857622952415,0.2738243073684633,0.1551201137479457,1.1400155415685327
0.5,4,4.0,None-None,0.9808548801792912,0.1036894203819977,0.26778180302798116,0.1407194605309916,1.1406681367887812
0.5,8,4.0,0.25-2.5,0.9715210194110433,0.11425715462646822,0.28165753547777633,0.15820211348512772,1.1409140758065486
0.0,8,4.0,0.4-1.8,0.9767136715176985,0.12379843128516338,0.26676102802485513,0.16638850393192514,1.1410437933514168
0.5,8,2.0,0.25-2.5,0.9628830656203372,0.12277082242930094,0.2949710548948653,0.18572424262475778,1.141061298675095
0.5,4,1.0,0.25-2.5,0.9611376475474599,0.12555095048249235,0.29710791220998184,0.19262541964538435,1.141079341273074
0.0,2,1.0,0.4-1.8,0.9727553488986537,0.12653822155079333,0.2738962896743566,0.1789964524477683,1.1413380491235303
0.5,1,2.0,None-None,0.9804280436676313,0.10842433573682535,0.2687099786725029,0.14694980139947214,1.1418891169380891
0.5,4,4.0,0.25-2.5,0.9801008536890972,0.11016571691868338,0.2705931356283156,0.14595791908736303,1.142938850732926
0.25,0,2.0,0.25-2.5,0.9878642402024365,0.10311996666322419,0.2591562044229361,0.17954766277256073,1.1432223340797105
0.5,8,1.0,0.25-2.5,0.958066161793883,0.1287577196035141,0.3062921747628875,0.20477199112238667,1.1434016790762052
0.0,2,2.0,0.4-1.8,0.9796373786303469,0.1230079191090777,0.2679506128182692,0.1669581780117908,1.1443646648167511
0.25,1,4.0,None-None,0.9920771844815107,0.1263250486849749,0.24141362776100816,0.2885207303055611,1.1443652605332584
0.5,1,2.0,0.25-2.5,0.9806404968092699,0.11231502259170041,0.27150471861447634,0.1493992074637455,1.1444716117644333
0.5,0,1.0,None-None,0.9815160318460229,0.11381082288659128,0.27078270463584003,0.15416369696417742,1.1453600898855907
0.75,4,1.0,None-None,0.9594030427735567,0.13646432733631486,0.30432068572928606,0.18581104564156495,1.1456794674722783
0.25,2,2.0,0.4-1.8,0.9806701293037393,0.12412235579844481,0.270210931271655,0.17012438362581114,1.146806183889178
0.25,1,4.0,0.25-2.5,0.9895428600656594,0.11650003322874752,0.25668903215634115,0.21075034907839044,1.1470123844510167
0.25,1,1.0,0.4-1.8,0.9773014856912133,0.12981288664421814,0.27700805003188606,0.1784360989367967,1.1482587323682107
1.0,8,1.0,None-None,0.9563684914550628,0.1431700896809012,0.31350126012450114,0.2022555148956551,1.1489116439375386
0.0,2,4.0,0.25-2.5,0.982299634322597,0.14330029079486503,0.26173868256893434,0.2971538129382125,1.1489940483057803
0.75,8,2.0,None-None,0.9625990261230043,0.1328099402638282,0.30748750419295756,0.17990030541694615,1.1495452632854402
0.5,0,1.0,0.25-2.5,0.9829739467433009,0.11493039901901815,0.2760629673975987,0.16404974480672954,1.1497380301968547
0.25,4,4.0,0.4-1.8,0.9846273181073741,0.12432847495412801,0.26823560352024695,0.16358255670236113,1.1498272386060295
0.0,8,2.0,0.4-1.8,0.9707207037623881,0.12749877516634944,0.29475578155976706,0.1841384528644485,1.1499732883338591
0.5,2,4.0,None-None,0.9901103499752065,0.0992409432266015,0.272773253943802,0.1452696606524463,1.151307212753758
0.25,8,4.0,0.4-1.8,0.9778975032598024,0.12457403396293806,0.2852710301428319,0.1693275616894929,1.1516765268219529
0.25,1,2.0,0.4-1.8,0.9854768298719343,0.12342068589902296,0.2710845065601371,0.16877517769558723,1.1518742546267586
0.5,2,4.0,0.25-2.5,0.9885124561541516,0.10860250534639514,0.2729820828858411,0.1356815602568299,1.152154123933671
0.25,4,2.0,0.4-1.8,0.9757204278655646,0.12860676971497284,0.28948865317150774,0.17530970261207218,1.1526164468800617
0.0,4,1.0,0.4-1.8,0.9698968488174938,0.13178518741717563,0.2997178603854136,0.19328105500275827,1.1527020758644946
0.75,8,1.0,0.25-2.5,0.9589971532524305,0.13533639820993598,0.32168452306417883,0.2078690249918649,1.1536735143370038
0.25,2,1.0,0.4-1.8,0.9736732942026888,0.13366035861278458,0.2965361520187349,0.18779886040513533,1.1553564598652524
0.0,4,4.0,0.4-1.8,0.9836039510593182,0.1382345297634955,0.27613420404458416,0.1780930219011171,1.1562296855224843
0.25,0,1.0,0.4-1.8,0.9884910790737415,0.12333749875886384,0.277076016767067,0.1831070096837496,1.157863462146991
0.75,4,1.0,0.25-2.5,0.9626269241059178,0.13501949749301145,0.32322089951524363,0.19773811585497897,1.1579922482367926
0.75,2,1.0,None-None,0.9651164889193017,0.13237350130835773,0.3216848044021324,0.1729342540180139,1.1590522664474574
0.0,1,2.0,0.4-1.8,0.9846567900346263,0.1287199127212684,0.2847334248637759,0.16787004065244107,1.1592034806468314
0.75,8,2.0,0.25-2.5,0.9648251882066906,0.13491787938140784,0.3238235486880351,0.1929073370842512,1.16046643239606
0.25,8,2.0,0.4-1.8,0.9716263520630722,0.1344995663455489,0.31413283151525995,0.19221971440472413,1.1623176594070894
0.5,0,2.0,None-None,0.9929261154334312,0.10178679485660648,0.289208566906043,0.15268960762680608,1.1629770976006044
1.0,8,1.0,0.25-2.5,0.960047511592183,0.1418793348955578,0.33722180300550597,0.21122918157116405,1.1641282468188254
0.25,4,1.0,0.4-1.8,0.9706560925253238,0.13885597221199283,0.3179597162278615,0.20119440436081942,1.1643499436922529
0.0,8,1.0,0.4-1.8,0.9682015950221213,0.1385753275505494,0.32359313959169606,0.20828468894844382,1.1646419967056068
0.25,2,4.0,0.4-1.8,0.9911897456095121,0.13138027376682435,0.28143781288330394,0.1721893036462622,1.1647537204928702
0.0,0,1.0,0.4-1.8,0.9879716580014246,0.1211293725360723,0.2939229233971048,0.18012158949144627,1.165215462833995
0.5,0,2.0,0.25-2.5,0.9924009163375641,0.11099544570970575,0.29013918450247905,0.15151568325148218,1.16521937001623
0.5,1,4.0,0.25-2.5,0.9951391256106568,0.10930574630566614,0.2856515102988466,0.13562718493346562,1.1652913173364967
0.75,2,1.0,0.25-2.5,0.9674368224192095,0.1346795815295317,0.3284021482360711,0.18620798472053976,1.165307791919628
0.5,1,4.0,None-None,0.997217206503926,0.1011612415222546,0.2856515102988466,0.15449234083402422,1.165333272033913
0.0,0,2.0,None-None,0.9880374478059768,0.1727760301935661,0.26830699723993345,0.29978657618272786,1.165384953974335
0.75,4,2.0,None-None,0.9705961852170848,0.12645134260572413,0.32981755921905603,0.16344571959221652,1.167117800478044
0.0,0,2.0,0.25-2.5,0.9868735696983945,0.12976604793233193,0.2979468837855649,0.22462546349336063,1.16828852357426
1.0,4,1.0,None-None,0.9619781472563471,0.1404775706978992,0.3427552461129066,0.19359279110145836,1.1684751629872752
0.0,1,4.0,None-None,0.9902650050001204,0.20170506400751423,0.2594458192953438,0.4953592417860312,1.1704141806496708
0.5,1,2.0,0.4-1.8,0.987767204048733,0.1346603579711124,0.2983859467481923,0.16898438526353493,1.1706252669156072
0.75,4,2.0,0.25-2.5,0.9715268052206064,0.1345504724118559,0.3318037815003366,0.17836366050837985,1.1710663140737387
0.5,2,2.0,0.4-1.8,0.9826488791048824,0.13687800595710573,0.30876259608042367,0.17493863417526853,1.1712496786343707
0.5,1,1.0,0.4-1.8,0.9788245300008609,0.14146878411310507,0.31510375016607844,0.18995911457095926,1.1717436011121762
0.25,0,4.0,0.25-2.5,0.9984050882504077,0.12720694963277113,0.28313129495351386,0.2293533964930263,1.1717724731353574
0.5,4,4.0,0.4-1.8,0.9869910755913047,0.13320455074902615,0.30430039577812895,0.16293017934849383,1.1724424111676257
0.25,8,1.0,0.4-1.8,0.9687925198758314,0.1451213555378778,0.3366991717277842,0.21351822497495557,1.173422444624193
0.5,4,2.0,0.4-1.8,0.977289540637554,0.14046669457853975,0.32302249382383447,0.18748482324819438,1.1739174611941061
0.25,0,4.0,None-None,1.0026325183147853,0.13723552399798608,0.27414843588242577,0.3258168730731511,1.1740156172554947
0.0,1,4.0,0.25-2.5,0.9884922957132543,0.1579111501150903,0.2924945955978468,0.3241622287788597,1.1742173810409502
0.5,8,4.0,0.4-1.8,0.9797641519008704,0.1373042685272795,0.3204014277858488,0.1771121541490005,1.1742909329256148
0.5,2,4.0,0.4-1.8,0.994044133144302,0.13034242678927221,0.2955034944869449,0.1580472767829854,1.1743814870850924
0.5,2,1.0,0.4-1.8,0.9748966487835907,0.1448630521010949,0.3268666660292762,0.1982173602040023,1.1745457448235026
0.75,1,1.0,None-None,0.9710932794585663,0.1286162134307882,0.3431854801107039,0.16283292234650973,1.174840072871615
0.5,0,1.0,0.4-1.8,0.9908792906374381,0.13673459284041695,0.3003936702552281,0.19219772459111387,1.1752597739751565
0.75,8,4.0,None-None,0.9759787036205986,0.1262974153745197,0.33560597503204376,0.15475583191831882,1.1753560449802505
0.25,0,2.0,0.4-1.8,0.9952437306591289,0.1256516318026756,0.29747103453684826,0.17409005786262444,1.1753921558782219
1.0,8,2.0,None-None,0.9659202593278203,0.13810025823119526,0.3506208311109405,0.19044942402210074,1.1757557394410894
1.0,4,1.0,0.25-2.5,0.9644264227130364,0.14439474655781104,0.3518533164014958,0.20319524307973405,1.176451767553237
0.75,8,4.0,0.25-2.5,0.9757031186435917,0.1347521560470095,0.33488272148434095,0.17044174428593495,1.1768325183975146
0.5,8,2.0,0.4-1.8,0.972787643016289,0.1456906229275458,0.3371298709407738,0.20261905784368886,1.1777752342185623
0.5,4,1.0,0.4-1.8,0.9715987858895724,0.14845469938670006,0.3394685507193849,0.20898705217649874,1.1784467360959399
0.25,1,4.0,0.4-1.8,0.9964403643410855,0.1388281773471376,0.29527307845116063,0.18163618500700396,1.17878394790345
0.75,1,1.0,0.25-2.5,0.9729911421934255,0.13535773602755422,0.3448672735214563,0.17746936974112118,1.1792642129610422
0.0,2,4.0,0.4-1.8,0.9905557417654909,0.1546282229312762,0.3034344493370574,0.19834556646262697,1.1809300221668386
0.5,1,4.0,0.4-1.8,0.9997819953437325,0.12964641025730778,0.29917800036303066,0.15609904612299805,1.1817825980895746
1.0,8,2.0,0.25-2.5,0.9672499640116343,0.14701608184068596,0.3563738343979246,0.20073811920149104,1.1821909016707681
0.5,8,1.0,0.4-1.8,0.9694571300599953,0.1516407766343239,0.34985216507460626,0.21842717436876088,1.1822934067558792
0.5,0,2.0,0.4-1.8,0.9983670030356645,0.13197469162794964,0.3061955286593088,0.1754276794965659,1.1844584402723064
0.75,2,2.0,None-None,0.9790410587140151,0.1252833852486938,0.35691027644515194,0.1548201779817651,1.1888170432487646
0.75,8,1.0,0.4-1.8,0.9701665453379333,0.15816752630146166,0.36311166304532827,0.2232040348991534,1.191264258435963
0.75,2,2.0,0.25-2.5,0.9794216581236085,0.13617511919442854,0.35572475603040304,0.1707942793142961,1.191327815937417
0.5,0,4.0,0.25-2.5,1.0048072429130386,0.11261244117336194,0.3170812472959273,0.14556371328836992,1.1915009768543428
0.5,0,4.0,None-None,1.0074611492481942,0.10566026513561227,0.3170812472959273,0.16760217318188478,1.192416839180061
0.75,4,1.0,0.4-1.8,0.9727072483018109,0.158023712397349,0.36275844414646125,0.21633910616332674,1.1935923984743788
1.0,2,1.0,None-None,0.9686803453030773,0.13763619057181556,0.38386765803957146,0.18781643676691473,1.195023221965817
0.75,8,2.0,0.4-1.8,0.9741973853173543,0.1580227224133071,0.36278097378479096,0.2125567184904603,1.1950935528130766
0.0,0,2.0,0.4-1.8,0.9947751884842287,0.1429790215424825,0.3323392877635723,0.17729888384568648,1.1966895877516357
0.75,2,1.0,0.4-1.8,0.9765026447831056,0.15769201580424247,0.36299833172770696,0.20866467591976204,1.1974248145980195
1.0,2,1.0,0.25-2.5,0.9704080081361188,0.14820109058600375,0.38347813184914065,0.19770642891813484,1.1991973467071901
1.0,8,1.0,0.4-1.8,0.9709615114391149,0.16469977349365095,0.37661685511484627,0.2279930124783154,1.2004448823699507
0.75,4,2.0,0.4-1.8,0.9794251206653705,0.1576488126973201,0.36461386032076243,0.20253362362565286,1.2011442540000816
0.25,0,4.0,0.4-1.8,1.0043788530763031,0.14947051529841995,0.32128730487131957,0.1945529715362804,1.202390134336568
0.0,1,4.0,0.4-1.8,0.9963044159483154,0.16648280737577406,0.329606882185359,0.21326870986933485,1.2027285588849386
0.5,0,4.0,0.4-1.8,1.0085411221860692,0.1313681902242457,0.32332598864590834,0.16142235165566135,1.2030461640650847
0.75,1,1.0,0.4-1.8,0.9811115870682202,0.1573051131732887,0.36820734562468166,0.20329922689891616,1.204541538173883
0.75,8,4.0,0.4-1.8,0.9824884902946036,0.15760514984723836,0.3660936760181261,0.19656846171298073,1.2049366157654762
0.75,4,4.0,0.25-2.5,0.9867259922029606,0.1401331447585649,0.36743610223563655,0.16524931492011677,1.2054773295104202
0.75,4,4.0,None-None,0.9876442980995013,0.135403483554114,0.3682016034383683,0.14832415332464352,1.205595970707214
0.75,1,2.0,None-None,0.986489733641812,0.1291910461582986,0.38236270336410993,0.1564723126648662,1.2099688468634417
1.0,4,1.0,0.4-1.8,0.9739614431616054,0.167531465865863,0.3884584488877969,0.22382316788585035,1.2100735340719695
0.0,0,4.0,0.25-2.5,0.9978201896323303,0.1770007813748064,0.3374826188715293,0.33559571604428684,1.2108116944117966
0.75,2,2.0,0.4-1.8,0.9858231398217321,0.15723649831759892,0.3718516332486601,0.19539787929749466,1.2110580810254619
0.75,1,2.0,0.25-2.5,0.98666721896696,0.13882608077241293,0.3815972021613783,0.17255653649316818,1.2121723402407523
1.0,4,2.0,None-None,0.9754336754903856,0.14669297066026246,0.40044513224191136,0.18848448892324796,1.2123294842764067
1.0,4,2.0,0.25-2.5,0.975788401968111,0.15545273621569913,0.3977819128269032,0.19834394268574204,1.2135425424354875
1.0,8,2.0,0.4-1.8,0.9758495256989111,0.1702521065375563,0.3920344210550384,0.2224980515237909,1.2144297628608194
0.75,0,1.0,None-None,0.9865680886935977,0.12330645639622695,0.39696900588082934,0.1785128352971692,1.2158792057330692
0.75,4,4.0,0.4-1.8,0.9913211102586835,0.15949911888867543,0.3762168543542195,0.18718733902617665,1.219304317157962
0.75,0,1.0,0.25-2.5,0.9881943763177946,0.1387262660839668,0.39670245533826604,0.19210638819657594,1.2212271705079192
0.0,0,4.0,None-None,1.0022953166879738,0.22474904243830238,0.3264992763402158,0.5198868585360307,1.2217322154676573
1.0,1,1.0,None-None,0.9756820910614885,0.140653688297118,0.4278682577652194,0.19222841461956097,1.2247796420183779
1.0,2,1.0,0.4-1.8,0.9785255478790847,0.17038308262258575,0.40787914084123744,0.21979336136791316,1.2250608889553498
0.75,1,2.0,0.4-1.8,0.992230715220903,0.15871981893926967,0.387835414373267,0.1935059730963162,1.225828377142354
1.0,8,4.0,0.25-2.5,0.9814832509695712,0.16504165939523613,0.40981731492317625,0.2000721394739718,1.2276523232799683
1.0,1,1.0,0.25-2.5,0.9771900074703402,0.1540075331337651,0.4258879794922924,0.20093854739759232,1.2286358804999276
1.0,8,4.0,None-None,0.9821751683884913,0.1617868882307349,0.4122523798582412,0.1905888984856631,1.2287480803752955
0.75,2,4.0,0.25-2.5,0.9970260454888282,0.146409762578581,0.399719165696977,0.16680436658805647,1.233488068981962
0.0,0,4.0,0.4-1.8,1.0047895101443896,0.18267470004718592,0.3665304247934205,0.22787807100643628,1.2337233975528963
0.75,2,4.0,None-None,0.9981327737978005,0.14321280224131736,0.399719165696977,0.1501048408701289,1.2337955572066184
1.0,4,2.0,0.4-1.8,0.9822753118578654,0.1771814849316796,0.41607563202250736,0.2181908921876003,1.234608499102039
0.75,0,1.0,0.4-1.8,0.9952134903943826,0.15891930275330804,0.40709488487662304,0.2101207490206473,1.238490758521021
0.75,2,4.0,0.4-1.8,1.0004706082287427,0.1625444391741157,0.3993520599001219,0.18474239251166547,1.2407827479723326
1.0,8,4.0,0.4-1.8,0.9863205178664539,0.1853657085218721,0.42257771579393405,0.21733046075083642,1.243950802893889
1.0,1,1.0,0.4-1.8,0.9843436724253483,0.17537035569568002,0.43805767738353824,0.2193952604156448,1.2472151000410374
0.75,0,2.0,None-None,1.0001424551505707,0.13645688135443348,0.4308796930356978,0.17165614174462054,1.249696522007028
0.75,0,2.0,0.25-2.5,1.0001560187884893,0.14484342576732082,0.4308796930356978,0.18699680500130167,1.2518067217481683
1.0,2,2.0,None-None,0.985488277671951,0.160275197228804,0.455833038827963,0.1961997430933338,1.2534735963931336
1.0,2,2.0,0.25-2.5,0.9855788377717459,0.16680161747366526,0.4539390994340236,0.2047979459679072,1.254248791857174
0.75,1,4.0,0.25-2.5,1.0048810307977822,0.15183197120106576,0.4250013711488831,0.17115457467554868,1.2553397091724903
0.75,1,4.0,None-None,1.0060455326623534,0.14932714992223325,0.4250013711488831,0.15534374323569713,1.2558780057173533
0.75,0,2.0,0.4-1.8,1.0050353983966422,0.1631695927628498,0.4314580551181738,0.20316061120238185,1.2615568241464414
0.75,1,4.0,0.4-1.8,1.0078407047771893,0.16712118118369396,0.4239247121728899,0.18684047631456827,1.2615833561595577
1.0,2,2.0,0.4-1.8,0.9905976836629716,0.18611175520966886,0.45534075595307166,0.22080895290515193,1.2647960004419245
1.0,4,4.0,0.25-2.5,0.9954851591802784,0.18898681582518775,0.47802861401799296,0.2128040981325439,1.2817461701455717
1.0,4,4.0,None-None,0.9962880078147006,0.1878353809119205,0.47916497765435656,0.205463421243443,1.282829341869859
1.0,4,4.0,0.4-1.8,0.9982954593724673,0.20284156898893968,0.4749113496025036,0.22412415310250255,1.286461526420954
0.75,0,4.0,0.25-2.5,1.016178964441844,0.1605982976891715,0.47371662293183014,0.1840653736747373,1.2931868503300519
0.75,0,4.0,None-None,1.0173705073632635,0.15867105591586605,0.47371662293183014,0.16943477015356267,1.293896582808145
1.0,1,2.0,None-None,0.9944480485729741,0.17345244833029905,0.5147714421058416,0.2112908315279384,1.2951968817084698
1.0,1,2.0,0.25-2.5,0.994459209138434,0.1789545039951481,0.513635078469478,0.21857564406189295,1.29601537437196
0.75,0,4.0,0.4-1.8,1.0186546004282417,0.17430311483793745,0.4735771512303076,0.19812784564111896,1.2990189547528799
1.0,1,2.0,0.4-1.8,0.9989167256322135,0.19690654932633667,0.5114098834451725,0.23021676943939476,1.3038483046863838
1.0,0,1.0,None-None,0.9939510986918307,0.1580952498100377,0.5568468777081601,0.23253208860205668,1.3118983499984203
1.0,0,1.0,0.25-2.5,0.9952661088181833,0.17003851144311974,0.5549529383142207,0.23891274686639347,1.3152522058360736
1.0,0,1.0,0.4-1.8,1.0015654886493344,0.1916094371063326,0.5580197116543391,0.24953152151086588,1.3284777037530873
1.0,2,4.0,0.25-2.5,1.008410862499379,0.20998640713951303,0.5606174337398028,0.2330673035953901,1.3412161811541587
1.0,2,4.0,None-None,1.0091118163906316,0.20933242919566084,0.5606174337398028,0.22734461698829192,1.3417536405594483
1.0,2,4.0,0.4-1.8,1.0103723162340799,0.2206154171172692,0.5574667882943924,0.24038050245569068,1.3442595646605935
1.0,0,2.0,None-None,1.0108011711917302,0.1947871714430965,0.6380632738952677,0.24946606973468824,1.3785296010001382
1.0,0,2.0,0.25-2.5,1.0107573003315355,0.19938686766926603,0.6380632738952677,0.25500175826924304,1.3796356541964858
1.0,0,2.0,0.4-1.8,1.0146524314965695,0.2156224841888104,0.6346265383119671,0.26137938841188,1.3858713216997558
1.0,1,4.0,0.25-2.5,1.0181536447621784,0.2245815555281817,0.6247643189956879,0.24997513010819716,1.3866811931420677
1.0,1,4.0,None-None,1.018809128802364,0.22415786875028318,0.6247643189956879,0.2454715124586466,1.3872307554877787
1.0,1,4.0,0.4-1.8,1.019771900815827,0.23377413956516177,0.6227783051943857,0.255427404507148,1.3896045883043102
1.0,0,4.0,0.25-2.5,1.0319568113306277,0.24752707522572176,0.7154979352850179,0.27620295720014076,1.451587547779567
1.0,0,4.0,None-None,1.0325627461705678,0.24727901297446203,0.7154979352850179,0.27296551731558333,1.4521314670566923
1.0,0,4.0,0.4-1.8,1.033259845330213,0.255961379623159,0.7147403595274421,0.2799889240744986,1.4546203699997238
